<?xml version="1.0" encoding="UTF-8"?>
<!-- Foundation -->
<includes>

    <include name="View_516_SeasonsInfo">
        <description>List View (id=516)</description>
        <control type="group">
            <include>Animation.Common</include>
            <visible>Control.IsVisible(516)</visible>
            <include>ViewSlideForJumpBar</include>
            <control type="group">
                <control type="panel" id="516">
                    <visible>Container.Content(seasons)</visible>
                    <top>206</top>
                    <left>70</left>
                    <width>1120</width>
                    <height>355</height>
                    <onleft>516</onleft>
                    <onright>516</onright>
                    <onup condition="!Skin.HasSetting(global.kioskmode)">9000</onup>
                    <ondown>5161</ondown>
                    <preloaditems>2</preloaditems>
                    <pagecontrol>1604</pagecontrol>
                    <orientation>horizontal</orientation>
                    <include content="forced_view" condition="Skin.HasSetting(enable.forcedviews)">
                        <param name="string" value="$LOCALIZE[31327]" />
                    </include>
                    <viewtype label="31327">list</viewtype>
                    <include>ScrolltimeViewsList</include>
                    <itemlayout height="355" width="224">
                        <control type="group">
                            <height>325</height>
                            <include content="include.widget.poster">
                                <param name="id" value="516"/>
                            </include>
                        </control>
                        <control type="label">
                            <top>305</top>
                            <width>220</width>
                            <align>center</align>
                            <font>Mini</font>
                            <textcolor>Dark1</textcolor>
                            <label>$INFO[ListItem.Label]</label>
                        </control>
                    </itemlayout>
                    <focusedlayout height="355" width="224">
                        <control type="group">
                            <height>325</height>
                            <include content="include.widget.poster.focus">
                                <param name="id" value="516"/>
                            </include>
                        </control>
                        <control type="label">
                            <top>305</top>
                            <width>220</width>
                            <align>center</align>
                            <font>Mini</font>
                            <textcolor>Dark1</textcolor>
                            <label>$INFO[ListItem.Label]</label>
                        </control>
                    </focusedlayout>
                </control>
                <control type="panel" id="5161">
                    <visible>Control.IsVisible(516)</visible>
                    <top>596</top>
                    <height>275</height>
                    <left>SidePad</left>
                    <width>1110</width>
                    <animation effect="slide" start="0,0" end="0,-13" time="0" condition="Skin.HasSetting(511ListInfo)">Conditional</animation>
                    <onleft>516</onleft>
                    <onright>1603</onright>
                    <onup>516</onup>
                    <ondown>5161</ondown>
                    <onback>516</onback>
                    <focusposition>3</focusposition>
                    <movement>3</movement>
                    <pagecontrol>1603</pagecontrol>
                    <include content="forced_view" condition="Skin.HasSetting(enable.forcedviews)">
                        <param name="string" value="$LOCALIZE[31327]" />
                    </include>
                    <viewtype label="31327">list</viewtype>
                    <include>ScrolltimeViewsList</include>
                    <visible>!String.Contains(Control.GetLabel(516),..)</visible>
                    <itemlayout condition="!Skin.HasSetting(511ListInfo)" width="1101" height="64">
                        <include>50itemlayout</include>
                    </itemlayout>
                    <focusedlayout condition="!Skin.HasSetting(511ListInfo)" width="1101" height="64">
                        <control type="group">
                            <visible>Control.HasFocus(5161)</visible>
                            <include>50focuslayout</include>
                        </control>
                        <control type="group">
                            <visible>!Control.HasFocus(5161)</visible>
                            <include>50itemlayout</include>
                        </control>
                    </focusedlayout>
                    <itemlayout condition="Skin.HasSetting(511ListInfo)" width="1101" height="91.4">
                        <include>50itemlayout_info</include>
                    </itemlayout>
                    <focusedlayout condition="Skin.HasSetting(511ListInfo)" width="1101" height="91.4">
                        <control type="group">
                            <visible>Control.HasFocus(5161)</visible>
                            <include>50focuslayout_info</include>
                        </control>
                        <control type="group">
                            <visible>!Control.HasFocus(5161)</visible>
                            <include>50itemlayout_info</include>
                        </control>
                    </focusedlayout>
                    <content target="videos" sortby="episode" sortorder="ascending">$INFO[Container(516).ListItem.FolderPath]</content>
                </control>
                <control type="scrollbar" id="1603">
                    <include condition="!Skin.HasSetting(disable.scrollbar.visibility)" content="scrollbar_vertical">
                        <param name="scrollid" value="1603"/>
                        <param name="jumpbar" value="false"/>
                    </include>
                </control>
            </control>
            <include content="Fanart_Info">
                <param name="posx" value="1203"/>
                <param name="visible_progress" value="false"/>
                <param name="width_condition" value="false"/>
            </include>
        </control>
    </include>
</includes>
