<?xml version="1.0" encoding="UTF-8"?>
<addon id="skin.arctic.zephyr.phoenix" version="1.0.10" name="Arctic: Zephyr - Phoenix" provider-name="Rockafella83">
    <requires>
        <import addon="xbmc.gui" version="5.15.0"/>
        <import addon="script.skinshortcuts" version="0.4.0"/>
        <import addon="script.globalsearch" version="5.0.0"/>
        <import addon="script.image.resource.select" version="0.0.5"/>
        <import addon="resource.images.weathericons.white" version="0.0.6"/>
        <import addon="script.embuary.info" version="0.0.1"/>
        <import addon="script.embuary.helper" version="1.2.14"/>
        <import addon="plugin.video.themoviedb.helper" version="0.0.1"/>
    </requires>
    <extension point="xbmc.gui.skin" defaultthemename="Textures.xbt" debugging="false" effectslowdown="1">
        <res width="1920" height="1080" aspect="16:9" default="true" folder="1080i" />
    </extension>
    <extension point="xbmc.addon.metadata">
        <platform>all</platform>
        <license>Creative Commons Non Commercial 3.0 License</license>
        <source>https://github.com/PPRobitaille/skin.arctic.zephyr.phoenix</source>
        <assets>
            <icon>icon.png</icon>
            <fanart>fanart.jpg</fanart>
            <screenshot>resources/screenshot-01.jpg</screenshot>
            <screenshot>resources/screenshot-02.jpg</screenshot>
            <screenshot>resources/screenshot-03.jpg</screenshot>
            <screenshot>resources/screenshot-04.jpg</screenshot>
            <screenshot>resources/screenshot-05.jpg</screenshot>
            <screenshot>resources/screenshot-06.jpg</screenshot>
            <screenshot>resources/screenshot-07.jpg</screenshot>
            <screenshot>resources/screenshot-08.jpg</screenshot>
            <screenshot>resources/screenshot-09.jpg</screenshot>
            <screenshot>resources/screenshot-10.jpg</screenshot>
        </assets>
        <news>1.0.10[CR]- Fix setting option after updated from 2.0.2</news>
        <summary lang="de">Klar, minimalistisch, elegant, einfach, leicht. Basiert auf dem original Arctic: Zephyr Skin von rockafella83.</summary>
        <summary lang="en">Clean, minimal, elegant, simple, light. Based on the original Arctic: Zephyr skin by rockafella83.</summary>
        <summary lang="en_AU">Clean, minimal, elegant, simple, light. Based on the original Arctic: Zephyr skin by rockafella83.</summary>
        <summary lang="en_US">Clean, minimal, elegant, simple, light. Based on the original Arctic: Zephyr skin by rockafella83.</summary>
        <summary lang="es">Limpio, minimalista, elegante, simple, ligero. Basado en el original Arctic: Zephyr skin por rockafella83.</summary>
        <summary lang="fr">Clair, minimaliste, élégant, simple et léger. Basé sur le skin original Arctic: Zephyr par rockafella83.</summary>
        <summary lang="fr_CA">Net, minimal, élégant, simple, léger. Basé sur le skin original Arctic: Zephyr par rockafella83.</summary>
        <summary lang="lt">Švari, minimali, elegantiška, paprasta, lengva. Basato sull&apos;originale Arctic: Zephyr skin di rockafella83.</summary>
        <summary lang="nl">Schoon, minimaal, elegant, simpel, licht. Gebaseerd op de originele Arctic: Zephyr skin door rockafella83.</summary>
        <summary lang="pl">Prosta, minimalista, elegancka i lekka. Na podstawie oryginalnego skinu Arctic: Zephyr autorstwa rockafella83.</summary>
        <summary lang="ro">Curat, minimalist, elegant, simplu, ușor. Bazat pe pielea originală Arctic: Zephyr de rockafella83.</summary>
        <summary lang="ru">Опрятный, минималистичный, элегантный, простой, светлый. Основано на оригинальном скине Arctic: Zephyr от rockafella83.</summary>
        <description lang="de">Arctic: Zephyr - Phoenix basiert auf dem original Arctic: Zephyr Skin von rockafella83 und ist ein minimalistisches, klares und simples Interface für deine Medien mit dem gewissen Etwas.</description>
        <description lang="en">Arctic: Zephyr - Phoenix is based on original Arctic: Zephyr skin, created by rockafella83. Arctic focuses on being simple, clean and minimalistic with a light spin.</description>
        <description lang="en_AU">Arctic: Zephyr - Phoenix is based on original Arctic: Zephyr skin, created by rockafella83. Arctic focuses on being simple, clean and minimalistic with a light spin.</description>
        <description lang="en_US">Arctic: Zephyr - Phoenix is based on original Arctic: Zephyr skin, created by rockafella83. Arctic focuses on being simple, clean and minimalistic with a light spin.</description>
        <description lang="fr">Arctic: Zephyr - Phoenix est basé sur le skin original Arctic: Zephyr, créé par rockafella83. Arctic se focalise sur le fait d&apos;être simple, claire et minimaliste.</description>
    </extension>
</addon>
