<?xml version="1.0" encoding="UTF-8"?>
<includes>

    <include name="Animation.Common">
        <visible>!Window.IsVisible(Custom_MovieSets.xml) + !Window.IsVisible(script-globalsearch-main.xml) + !Window.IsVisible(script-globalsearch-infodialog.xml) + !Window.IsVisible(DialogAddonInfo.xml) + !Window.IsVisible(DialogPVRInfo.xml) + !Window.IsVisible(DialogMusicInfo.xml) + !Window.IsVisible(DialogVideoInfo.xml)</visible>
        <animation type="WindowOpen" reversible="false">
            <effect type="fade" start="0" end="100" time="450" delay="0" tween="sine" easing="in"/>
        </animation>
        <animation type="WindowClose" reversible="false">
            <effect type="fade" end="0" start="100" time="300" tween="sine" easing="out"/>
        </animation>
        <animation type="Visible" reversible="false">
            <effect type="fade" start="0" end="100" time="450" delay="0" tween="sine" easing="in"/>
        </animation>
        <animation type="Hidden" reversible="false" condition="![!Window.IsVisible(Custom_MovieSets.xml) + !Window.IsVisible(script-globalsearch-main.xml) + !Window.IsVisible(script-globalsearch-infodialog.xml) + !Window.IsVisible(DialogAddonInfo.xml) + !Window.IsVisible(DialogPVRInfo.xml) + !Window.IsVisible(DialogMusicInfo.xml) + !Window.IsVisible(DialogVideoInfo.xml)]">
            <effect type="fade" start="100" end="0" tween="cubic" easing="out" delay="0" time="350"/>
        </animation>
        <animation type="Conditional" reversible="true" condition="Window.IsVisible(script-skinshortcuts.xml) | Window.IsVisible(DialogPictureInfo.xml) | Window.IsVisible(FileBrowser.xml) | Window.IsVisible(DialogConfirm.xml) | Window.IsVisible(DialogSelect.xml) | Window.IsVisible(DialogContextMenu.xml) | Window.IsVisible(DialogButtonMenu.xml) | ControlGroup(9000).HasFocus() 
        | Window.IsVisible(Custom_Debugging.xml) | Window.IsVisible(Custom_Ratings.xml) | Window.IsVisible(Custom_ResetColors.xml)
         | Window.IsVisible(Custom_ResetForcedViews.xml) | Window.IsVisible(Custom_ResetSkinSettings.xml) | Window.IsVisible(Custom_SetHomeViewtype.xml) | Window.IsVisible(Custom_WidgetSelect.xml) 
         | Window.IsVisible(Custom_DialogCustomSettings.xml)">
            <effect type="zoom" end="95" start="100" time="250" center="auto" tween="quadratic" easing="in"/>
        </animation>
    </include>
    
    <include name="Animation.FadeHomeRow">
        <visible>![Window.IsVisible(DialogVideoInfo.xml) | Window.IsVisible(DialogMusicInfo.xml) | Window.IsVisible(DialogPVRInfo.xml) | Window.IsVisible(DialogAddonInfo.xml) | Window.IsVisible(skin.arctic.zephyr.mod.script-gto-info.xml)]</visible>
        <animation effect="fade" start="0" end="100" time="350" tween="sine" easing="out" reversible="false">WindowOpen</animation>
        <animation effect="fade" start="100" end="0" tween="cubic" easing="out" time="350" reversible="false">WindowClose</animation>
        <animation effect="fade" start="0" end="100" time="350" tween="sine" easing="out" reversible="false">Visible</animation>
        <animation effect="fade" start="100" end="0" tween="cubic" easing="out" time="350" reversible="false">Hidden</animation>
    </include>
    
    <include name="Animation.OSD.Wide.Short">
        <animation effect="fade" start="33" end="100" time="350" delay="150">Visible</animation>
        <animation effect="fade" start="100" end="33" time="0">Hidden</animation>
    </include>

    <include name="Animation.Vertical.Widgets.Container">
        <animation effect="fade" start="100" end="80" time="400" condition="[Control.HasFocus(300) | Control.HasFocus(302)]">Conditional</animation>
    </include>

    <include name="Animation.Vertical.Widgets.Label">
        <include condition="![Skin.HasSetting(home.vertical) + Skin.HasSetting(home.vertical.widgets)]">fadehorizontal</include>
        <include condition="[Skin.HasSetting(home.vertical) + Skin.HasSetting(home.vertical.widgets)]">fadevertical</include>
    </include>

    <include name="Animation.Vertical.Widgets.Title">
        <animation effect="fade" start="0" end="100" time="250" tween="cubic" easing="inout">Visible</animation>
        <animation effect="fade" start="0" end="100" time="250" tween="cubic" easing="inout">WindowOpen</animation>
        <animation effect="fade" end="0" start="100" time="50">Hidden</animation>
        <animation effect="fade" end="0" start="100" time="50">WindowClose</animation>
    </include>

    <include name="Animation.Vertical.Widgets.Title.Loading">
        <animation effect="fade" start="0" end="100" time="250" tween="cubic" easing="inout">Visible</animation>
        <animation effect="fade" start="0" end="100" time="250" tween="cubic" easing="inout">WindowOpen</animation>
        <animation effect="fade" end="0" start="100" time="300">Hidden</animation>
        <animation effect="fade" end="0" start="100" time="300">WindowClose</animation>
    </include>

    <include name="Animation.SidePoster">
        <animation type="WindowOpen">
            <effect type="slide" start="-1920" end="0" delay="0" time="400" tween="quadratic" easing="out"/>
            <effect type="fade" end="100" start="0" time="200" tween="sine" easing="out"/>
        </animation>
        <animation type="WindowClose">
            <effect type="slide" start="0" end="-1920" time="300" tween="quadratic" easing="in"/>
            <effect type="fade" end="0" start="100" time="200" tween="sine" easing="out"/>
        </animation>
        <animation type="Visible">
            <effect type="slide" start="-1920" end="0" delay="0" time="400" tween="quadratic" easing="out"/>
            <effect type="fade" end="100" start="0" time="200" tween="sine" easing="out"/>
        </animation>
        <animation type="Hidden">
            <effect type="slide" start="0" end="-1920" time="300" tween="quadratic" easing="in"/>
            <effect type="fade" end="0" start="100" time="200" tween="sine" easing="out"/>
        </animation>
        <animation type="Conditional" condition="String.IsEqual(Window.Property(ShowDisc),1)">
            <effect type="slide" start="0,0" end="0,130" delay="0" time="200" tween="quadratic" easing="out"/>
        </animation>
    </include>

    <include name="Animation.RightSide">
        <animation type="WindowOpen">
            <effect type="slide" start="1920" end="0" delay="0" time="400" tween="quadratic" easing="out"/>
            <effect type="fade" end="100" start="0" time="200" tween="sine" easing="out"/>
        </animation>
        <animation type="WindowClose">
            <effect type="slide" start="0" end="1920" time="300" tween="quadratic" easing="in"/>
            <effect type="fade" end="0" start="100" time="200" tween="sine" easing="out"/>
        </animation>
        <animation type="Visible">
            <effect type="slide" start="1920" end="0" delay="0" time="400" tween="quadratic" easing="out"/>
            <effect type="fade" end="100" start="0" time="200" tween="sine" easing="out"/>
        </animation>
        <animation type="Hidden">
            <effect type="slide" start="0" end="1920" time="300" tween="quadratic" easing="in"/>
            <effect type="fade" end="0" start="100" time="200" tween="sine" easing="out"/>
        </animation>
    </include>
    
    <include name="Animation.RightSide.Vertical.Menu">
        <animation effect="slide" start="0,0" end="-300,0" time="0" condition="[Skin.HasSetting(homemenu.only.icons) + [$EXP[HomeIsVerticalMultiWidgets] | $EXP[HomeIsVerticalMultiWidgetsNetflix]]] + Skin.HasSetting(home.showicons)">Conditional</animation>
        <visible>!Window.IsVisible(skin.arctic.zephyr.mod.script-gto-info.xml) + !Window.IsVisible(script-globalsearch-main.xml) + !Window.IsVisible(script-globalsearch-infodialog.xml) + !Window.IsVisible(DialogAddonInfo.xml) + !Window.IsVisible(DialogMusicInfo.xml) + !Window.IsVisible(DialogPVRInfo.xml) + !Window.IsVisible(DialogVideoInfo.xml)</visible>
        <animation type="WindowOpen" reversible="false">
            <effect type="fade" start="0" end="100" time="200" tween="sine" easing="in"/>
            <effect type="slide" start="1920" end="0" time="350" center="auto" tween="sine" easing="out"/>
        </animation>
        <animation type="WindowClose" reversible="false">
            <effect type="fade" end="0" start="100" time="200" tween="sine" easing="out"/>
            <effect type="slide" end="1920" start="0" time="300" center="auto" tween="quadratic" easing="in"/>
        </animation>
        <animation type="Visible" reversible="false">
            <effect type="fade" start="0" end="100" time="200" tween="sine" easing="in"/>
            <effect type="slide" start="1920" end="0" time="350" center="auto" tween="sine" easing="out"/>
        </animation>
        <animation type="Hidden" reversible="false">
            <effect type="fade" end="0" start="100" time="200" tween="sine" easing="out"/>
            <effect type="slide" end="1920" start="0" time="300" center="auto" tween="quadratic" easing="in"/>
        </animation>
        <animation type="Conditional" reversible="true" condition="Window.IsVisible(DialogConfirm.xml) | Window.IsVisible(DialogSelect.xml) | Window.IsVisible(DialogContextMenu.xml) | Window.IsVisible(DialogButtonMenu.xml) | ControlGroup(9000).HasFocus()">
            <effect type="zoom" end="95" start="100" time="200" center="auto" tween="quadratic" easing="in"/>
        </animation>
    </include>
    
    <include name="Animation.LeftSide.Vertical.Menu">
        <visible>!Window.IsVisible(skin.arctic.zephyr.mod.script-gto-info.xml) + !Window.IsVisible(script-globalsearch-main.xml) + !Window.IsVisible(script-globalsearch-infodialog.xml) + !Window.IsVisible(DialogAddonInfo.xml) + !Window.IsVisible(DialogMusicInfo.xml) + !Window.IsVisible(DialogPVRInfo.xml) + !Window.IsVisible(DialogVideoInfo.xml)</visible>
        <animation type="WindowOpen" reversible="false">
            <effect type="fade" start="0" end="100" time="200" tween="sine" easing="in"/>
            <effect type="slide" start="-1920" end="0" time="350" center="auto" tween="quadratic" easing="out"/>
        </animation>
        <animation type="WindowClose" reversible="false">
            <effect type="fade" end="0" start="100" time="200" tween="sine" easing="out"/>
            <effect type="slide" end="-1920" start="0" time="300" center="auto" tween="quadratic" easing="in"/>
        </animation>
        <animation type="Visible" reversible="false">
            <effect type="fade" start="0" end="100" time="200" tween="sine" easing="in"/>
            <effect type="slide" start="-1920" end="0" time="350" center="auto" tween="quadratic" easing="out"/>
        </animation>
        <animation type="Hidden" reversible="false">
            <effect type="fade" end="0" start="100" time="200" tween="sine" easing="out"/>
            <effect type="slide" end="-1920" start="0" time="300" center="auto" tween="quadratic" easing="in"/>
        </animation>
        <animation type="Conditional" reversible="true" condition="Window.IsVisible(DialogConfirm.xml) | Window.IsVisible(DialogSelect.xml) | Window.IsVisible(DialogContextMenu.xml) | Window.IsVisible(DialogButtonMenu.xml) | ControlGroup(9000).HasFocus()">
            <effect type="zoom" end="95" start="100" time="200" center="auto" tween="quadratic" easing="in"/>
        </animation>
    </include>

    <include name="Animation.Weather">
        <animation type="Visible" reversible="false">
            <effect type="fade" end="100" start="0" time="300" delay="250"/>
        </animation>
        <animation type="Hidden" reversible="false">
            <effect type="fade" end="0" start="100" time="300"/>
        </animation>
    </include>

    <include name="Animation.FileNameAndPath">
        <animation type="Conditional" condition="Control.HasFocus(8) + ControlGroup(9000).HasFocus()" reversible="false">
            <effect type="fade" end="100" start="0" time="400" delay="2300"/>
        </animation>
        <animation type="Conditional" condition="Control.HasFocus(9019) + ControlGroup(9000).HasFocus()" reversible="false">
            <effect type="fade" end="100" start="0" time="400" delay="2300"/>
        </animation>
        <animation type="Conditional" condition="Control.HasFocus(9108) + ControlGroup(9000).HasFocus()" reversible="false">
            <effect type="fade" end="100" start="0" time="400" delay="2300"/>
        </animation>
        <animation type="Conditional" condition="Control.HasFocus(9006) + ControlGroup(9000).HasFocus()" reversible="false">
            <effect type="fade" end="100" start="0" time="400" delay="2300"/>
        </animation>
        <animation type="Conditional" condition="Control.HasFocus(9015) + ControlGroup(9000).HasFocus()" reversible="false">
            <effect type="fade" end="100" start="0" time="400" delay="2300"/>
        </animation>
        <animation type="Conditional" condition="Control.HasFocus(14) + ControlGroup(9000).HasFocus()" reversible="false">
            <effect type="fade" end="100" start="0" time="400" delay="2300"/>
        </animation>
        <animation type="Conditional" condition="Control.HasFocus(49) + ControlGroup(9000).HasFocus()" reversible="false">
            <effect type="fade" end="100" start="0" time="400" delay="2300"/>
        </animation>
        <animation type="Conditional" condition="Control.HasFocus(9077) + ControlGroup(9000).HasFocus()" reversible="false">
            <effect type="fade" end="100" start="0" time="400" delay="2300"/>
        </animation>
        <animation type="Conditional" condition="Control.HasFocus(9078) + ControlGroup(9000).HasFocus()" reversible="false">
            <effect type="fade" end="100" start="0" time="400" delay="2300"/>
        </animation>
        <animation type="Conditional" condition="Control.HasFocus(1224) + ControlGroup(9000).HasFocus()" reversible="false">
            <effect type="fade" end="100" start="0" time="400" delay="2300"/>
        </animation>
        <animation type="Conditional" condition="Control.HasFocus(9036) + ControlGroup(9000).HasFocus()" reversible="false">
            <effect type="fade" end="100" start="0" time="400" delay="2300"/>
        </animation>
        <animation type="Conditional" condition="Control.HasFocus(1236) + ControlGroup(9000).HasFocus()" reversible="false">
            <effect type="fade" end="100" start="0" time="400" delay="2300"/>
        </animation>
        <animation type="Conditional" condition="Control.HasFocus(9010) + ControlGroup(9000).HasFocus()" reversible="false">
            <effect type="fade" end="100" start="0" time="400" delay="2300"/>
        </animation>
        <animation type="Conditional" condition="Control.HasFocus(9035) + ControlGroup(9000).HasFocus()" reversible="false">
            <effect type="fade" end="100" start="0" time="400" delay="2300"/>
        </animation>
        <animation type="Conditional" condition="Control.HasFocus(9012) + ControlGroup(9000).HasFocus()" reversible="false">
            <effect type="fade" end="100" start="0" time="400" delay="2300"/>
        </animation>
        <animation type="Conditional" condition="Control.HasFocus(9013) + ControlGroup(9000).HasFocus()" reversible="false">
            <effect type="fade" end="100" start="0" time="400" delay="2300"/>
        </animation>
        <animation type="Conditional" condition="Control.HasFocus(51) + ControlGroup(9000).HasFocus()" reversible="false">
            <effect type="fade" end="100" start="0" time="400" delay="2300"/>
        </animation>
        <animation type="Conditional" condition="Control.HasFocus(7) + ControlGroup(9000).HasFocus()" reversible="false">
            <effect type="fade" end="100" start="0" time="400" delay="2300"/>
        </animation>
        <animation type="Conditional" condition="Control.HasFocus(9110) + ControlGroup(9000).HasFocus()" reversible="false">
            <effect type="fade" end="100" start="0" time="400" delay="2300"/>
        </animation>
        <animation type="Conditional" condition="Control.HasFocus(6) + ControlGroup(9000).HasFocus()" reversible="false">
            <effect type="fade" end="100" start="0" time="400" delay="2300"/>
        </animation>
        <animation type="Conditional" condition="Control.HasFocus(10) + ControlGroup(9000).HasFocus()" reversible="false">
            <effect type="fade" end="100" start="0" time="400" delay="2300"/>
        </animation>
        <animation type="Conditional" condition="Control.HasFocus(1223) + ControlGroup(9000).HasFocus()" reversible="false">
            <effect type="fade" end="100" start="0" time="400" delay="2300"/>
        </animation>
        <animation type="Conditional" condition="Control.HasFocus(1998) + ControlGroup(9000).HasFocus()" reversible="false">
            <effect type="fade" end="100" start="0" time="400" delay="2300"/>
        </animation>
        <animation type="Conditional" condition="Control.HasFocus(1235) + ControlGroup(9000).HasFocus()" reversible="false">
            <effect type="fade" end="100" start="0" time="400" delay="2300"/>
        </animation>
        <animation type="Conditional" condition="Control.HasFocus(9001) + ControlGroup(9000).HasFocus()" reversible="false">
            <effect type="fade" end="100" start="0" time="400" delay="2300"/>
        </animation>
        <animation type="Conditional" condition="Control.HasFocus(9201) + ControlGroup(9000).HasFocus()" reversible="false">
            <effect type="fade" end="100" start="0" time="400" delay="2300"/>
        </animation>
        <animation type="Conditional" condition="Control.HasFocus(9002) + ControlGroup(9000).HasFocus()" reversible="false">
            <effect type="fade" end="100" start="0" time="400" delay="2300"/>
        </animation>
        <animation type="Conditional" condition="Control.HasFocus(9003) + ControlGroup(9000).HasFocus()" reversible="false">
            <effect type="fade" end="100" start="0" time="400" delay="2300"/>
        </animation>
        <animation type="Conditional" condition="Control.HasFocus(9004) + ControlGroup(9000).HasFocus()" reversible="false">
            <effect type="fade" end="100" start="0" time="400" delay="2300"/>
        </animation>
        <animation type="Conditional" condition="Control.HasFocus(9005) + ControlGroup(9000).HasFocus()" reversible="false">
            <effect type="fade" end="100" start="0" time="400" delay="2300"/>
        </animation>
        <animation type="Conditional" condition="Control.HasFocus(9011) + ControlGroup(9000).HasFocus()" reversible="false">
            <effect type="fade" end="100" start="0" time="400" delay="2300"/>
        </animation>
        <animation type="Conditional" condition="!ControlGroup(9000).HasFocus()" reversible="false">
            <effect type="fade" end="0" start="100" time="0"/>
        </animation>
    </include>

    <include name="Animation.ButtonLabel">
        <animation type="Conditional" condition="Control.HasFocus(8) + !String.IsEmpty(ListItem.FileNameAndPath)" reversible="false">
            <effect type="fade" end="0" start="100" time="400" delay="2000"/>
        </animation>
        <animation type="Conditional" condition="Control.HasFocus(9108) + !String.IsEmpty(ListItem.FileNameAndPath)" reversible="false">
            <effect type="fade" end="0" start="100" time="400" delay="2000"/>
        </animation>
        <animation type="Conditional" condition="Control.HasFocus(9019) + !String.IsEmpty(ListItem.FileNameAndPath)" reversible="false">
            <effect type="fade" end="0" start="100" time="400" delay="2000"/>
        </animation>
        <animation type="Conditional" condition="Control.HasFocus(49) + !String.IsEmpty(ListItem.FileNameAndPath)" reversible="false">
            <effect type="fade" end="0" start="100" time="400" delay="2000"/>
        </animation>
        <animation type="Conditional" condition="Control.HasFocus(1224) + !String.IsEmpty(ListItem.FileNameAndPath)" reversible="false">
            <effect type="fade" end="0" start="100" time="400" delay="2000"/>
        </animation>
        <animation type="Conditional" condition="Control.HasFocus(9077) + !String.IsEmpty(ListItem.FileNameAndPath)" reversible="false">
            <effect type="fade" end="0" start="100" time="400" delay="2000"/>
        </animation>
        <animation type="Conditional" condition="Control.HasFocus(14) + !String.IsEmpty(ListItem.FileNameAndPath)" reversible="false">
            <effect type="fade" end="0" start="100" time="400" delay="2000"/>
        </animation>
        <animation type="Conditional" condition="Control.HasFocus(9078) + !String.IsEmpty(ListItem.FileNameAndPath)" reversible="false">
            <effect type="fade" end="0" start="100" time="400" delay="2000"/>
        </animation>
        <animation type="Conditional" condition="Control.HasFocus(9035) + !String.IsEmpty(ListItem.FileNameAndPath)" reversible="false">
            <effect type="fade" end="0" start="100" time="400" delay="2000"/>
        </animation>
        <animation type="Conditional" condition="Control.HasFocus(9036) + !String.IsEmpty(ListItem.FileNameAndPath)" reversible="false">
            <effect type="fade" end="0" start="100" time="400" delay="2000"/>
        </animation>
        <animation type="Conditional" condition="Control.HasFocus(9010) + !String.IsEmpty(ListItem.FileNameAndPath)" reversible="false">
            <effect type="fade" end="0" start="100" time="400" delay="2000"/>
        </animation>
        <animation type="Conditional" condition="Control.HasFocus(9012) + !String.IsEmpty(ListItem.FileNameAndPath)" reversible="false">
            <effect type="fade" end="0" start="100" time="400" delay="2000"/>
        </animation>
        <animation type="Conditional" condition="Control.HasFocus(51) + !String.IsEmpty(ListItem.FileNameAndPath)" reversible="false">
            <effect type="fade" end="0" start="100" time="400" delay="2000"/>
        </animation>
        <animation type="Conditional" condition="Control.HasFocus(7) + !String.IsEmpty(ListItem.FileNameAndPath)" reversible="false">
            <effect type="fade" end="0" start="100" time="400" delay="2000"/>
        </animation>
        <animation type="Conditional" condition="Control.HasFocus(9110) + !String.IsEmpty(ListItem.FileNameAndPath)" reversible="false">
            <effect type="fade" end="0" start="100" time="400" delay="2000"/>
        </animation>
        <animation type="Conditional" condition="Control.HasFocus(6) + !String.IsEmpty(ListItem.FileNameAndPath)" reversible="false">
            <effect type="fade" end="0" start="100" time="400" delay="2000"/>
        </animation>
        <animation type="Conditional" condition="Control.HasFocus(1223) + !String.IsEmpty(ListItem.FileNameAndPath)" reversible="false">
            <effect type="fade" end="0" start="100" time="400" delay="2000"/>
        </animation>
        <animation type="Conditional" condition="Control.HasFocus(1998) + !String.IsEmpty(ListItem.FileNameAndPath)" reversible="false">
            <effect type="fade" end="0" start="100" time="400" delay="2000"/>
        </animation>
        <animation type="Conditional" condition="Control.HasFocus(1235) + !String.IsEmpty(ListItem.FileNameAndPath)" reversible="false">
            <effect type="fade" end="0" start="100" time="400" delay="2000"/>
        </animation>
        <animation type="Conditional" condition="Control.HasFocus(1236) + !String.IsEmpty(ListItem.FileNameAndPath)" reversible="false">
            <effect type="fade" end="0" start="100" time="400" delay="2000"/>
        </animation>
        <animation type="Conditional" condition="Control.HasFocus(10) + !String.IsEmpty(ListItem.FileNameAndPath)" reversible="false">
            <effect type="fade" end="0" start="100" time="400" delay="2000"/>
        </animation>
        <animation type="Conditional" condition="Control.HasFocus(9001) + !String.IsEmpty(ListItem.FileNameAndPath)" reversible="false">
            <effect type="fade" end="0" start="100" time="400" delay="2000"/>
        </animation>
        <animation type="Conditional" condition="Control.HasFocus(9201) + !String.IsEmpty(ListItem.FileNameAndPath)" reversible="false">
            <effect type="fade" end="0" start="100" time="400" delay="2000"/>
        </animation>
        <animation type="Conditional" condition="Control.HasFocus(9002) + !String.IsEmpty(ListItem.FileNameAndPath)" reversible="false">
            <effect type="fade" end="0" start="100" time="400" delay="2000"/>
        </animation>
        <animation type="Conditional" condition="Control.HasFocus(9003) + !String.IsEmpty(ListItem.FileNameAndPath)" reversible="false">
            <effect type="fade" end="0" start="100" time="400" delay="2000"/>
        </animation>
        <animation type="Conditional" condition="Control.HasFocus(9004) + !String.IsEmpty(ListItem.FileNameAndPath)" reversible="false">
            <effect type="fade" end="0" start="100" time="400" delay="2000"/>
        </animation>
        <animation type="Conditional" condition="Control.HasFocus(9011) + !String.IsEmpty(ListItem.FileNameAndPath)" reversible="false">
            <effect type="fade" end="0" start="100" time="400" delay="2000"/>
        </animation>
        <animation type="Conditional" condition="Control.HasFocus(9013) + !String.IsEmpty(ListItem.FileNameAndPath)" reversible="false">
            <effect type="fade" end="0" start="100" time="400" delay="2000"/>
        </animation>
        <animation type="Conditional" condition="Control.HasFocus(9005) + !String.IsEmpty(ListItem.FileNameAndPath)" reversible="false">
            <effect type="fade" end="0" start="100" time="400" delay="2000"/>
        </animation>
        <animation type="Conditional" condition="Control.HasFocus(9006) + !String.IsEmpty(ListItem.FileNameAndPath)" reversible="false">
            <effect type="fade" end="0" start="100" time="400" delay="2000"/>
        </animation>
        <animation type="Conditional" condition="Control.HasFocus(9015) + !String.IsEmpty(ListItem.FileNameAndPath)" reversible="false">
            <effect type="fade" end="0" start="100" time="400" delay="2000"/>
        </animation>
    </include>

    <include name="Animation.FurnitureIcon">
        <animation effect="fade" start="0" end="100" time="400" delay="400">Visible</animation>
        <animation effect="fade" start="100" end="0" time="300">Hidden</animation>
    </include>

    <include name="ListViewScrollAnim">
        <animation type="Focus" condition="Container.OnNext" reversible="false">
            <effect type="Fade" start="70" end="100" time="200" tween="back" easing="in"/>
            <effect type="slide" start="0,-37" time="200" tween="sine" easing="out"/>
        </animation>
        <animation type="Focus" condition="Container.OnPrevious" reversible="false">
            <effect type="Fade" start="70" end="100" time="200" tween="back" easing="in"/>
            <effect type="slide" start="0,37" time="200" tween="sine" easing="out"/>
        </animation>
    </include>

    <include name="ViewSlideForJumpBar">
        <animation effect="slide" start="0,0" end="-32,0" time="400" tween="quadratic" easing="out" condition="Control.HasFocus(290001)">Conditional</animation>
    </include>

    <include name="Animation.RotatePlay">
        <animation effect="rotatey" end="-360" start="0" center="50,0" time="800" loop="true" delay="30000" condition="!Skin.HasSetting(hideplayrotate)">Conditional</animation>
        <animation effect="zoom" pulse="true" center="50,50" end="85" start="100" time="400" delay="30000" condition="!Skin.HasSetting(hideplayrotate)">Conditional</animation>
    </include>

    <include name="Animation.RotatePlay2">
        <animation effect="rotatey" end="-360" start="0" center="50,0" time="800" loop="true" delay="30000" condition="!Skin.HasSetting(hideplayrotate)">Conditional</animation>
        <animation effect="zoom" start="50,50,100,100" end="50,50,60,90" pulse="true" delay="30000" time="400" condition="!Skin.HasSetting(hideplayrotate)">Conditional</animation>
    </include>

    <include name="Animation.FadeIn">
        <animation effect="fade" start="0" end="100" time="350" tween="cubic" easing="inout">Visible</animation>
        <animation effect="fade" start="0" end="100" time="350" tween="cubic" easing="inout">WindowOpen</animation>
    </include>

    <include name="Animation.FadeIn.Gradient">
        <param name="delay" value="$PARAM[delay]" default="1"/>
        <definition>
        <animation effect="fade" start="100" end="100" delay="$PARAM[delay]" time="1">Visible</animation>
        </definition>
    </include>

    <include name="Animation.FadeInMusic">
        <animation effect="fade" start="0" end="100" time="350" tween="cubic" easing="inout">Visible</animation>
    </include>

    <include name="Animation.FadeInWeatherDelay">
        <animation effect="fade" start="0" end="100" time="350" tween="cubic" easing="inout" reversible="false" delay="200">Visible</animation>
    </include>
    
    <include name="Animation.FadeInWeather">
        <animation effect="fade" start="0" end="100" time="350" tween="cubic" easing="inout" reversible="false">Visible</animation>
    </include>
    
    <include name="Animation.FadeOutWeather">
        <animation effect="fade" end="0" start="100" time="150" reversible="false">Hidden</animation>
    </include>

    <include name="Animation.FadeInDialogInfo">
        <animation effect="fade" start="0" end="100" time="350" delay="100" tween="cubic" easing="inout">Visible</animation>
    </include>

    <include name="Animation.FadeOutDialogInfo">
        <animation effect="fade" end="0" start="100" time="250">Hidden</animation>
    </include>

    <include name="Animation.FadeInDelayNew">
        <animation effect="fade" start="0" end="100" time="50" delay="200">Visible</animation>
    </include>

    <include name="Animation.ActorZoom">
        <animation center="970,522" condition="!Control.HasFocus(50)" easing="inout" effect="zoom" end="60" start="100" time="300" tween="sine">Conditional</animation>
    </include>

    <include name="Animation.ActorZoomNew">
        <animation center="2330,990" condition="!Control.HasFocus(50)" effect="zoom" end="80" tween="sine" easing="inout" start="100" time="300">Conditional</animation>
    </include>

    <include name="Animation.MovieZoom">
        <animation condition="Control.HasFocus(9501) | Control.HasFocus(160) | Control.HasFocus(9502) | Control.HasFocus(9503)" effect="slide" end="-600,0" start="0,0" reversible="true" time="300" tween="sine">Conditional</animation>
    </include>

    <include name="Animation.MovieZoomNew">
        <animation center="2712,1182" condition="!Control.HasFocus(9501) + !Control.HasFocus(160) + !Control.HasFocus(9502) + !Control.HasFocus(9503)" effect="zoom" end="78" tween="sine" easing="inout" start="100" time="300">Conditional</animation>
    </include>

    <include name="Animation.MovieZoomYoutubeNew">
        <animation center="4130,1182" condition="!Control.HasFocus(9501) + !Control.HasFocus(160) + !Control.HasFocus(9502) + !Control.HasFocus(9503)" effect="zoom" end="78" tween="sine" easing="inout" start="100" time="300">Conditional</animation>
    </include>

    <include name="Animation.MusicZoomNew">
        <animation center="3739,1255" condition="!Control.HasFocus(9501) + !Control.HasFocus(160) + !Control.HasFocus(9502) + !Control.HasFocus(9503) + !Control.HasFocus(1113)" effect="zoom" end="78" tween="sine" easing="inout" start="100" time="300">Conditional</animation>
    </include>

    <include name="Animation.MusicYoutubeNew">
        <animation center="4749,1255" condition="!Control.HasFocus(9501) + !Control.HasFocus(160) + !Control.HasFocus(9502) + !Control.HasFocus(9503) + !Control.HasFocus(1113)" effect="zoom" end="78" tween="sine" easing="inout" start="100" time="300">Conditional</animation>
    </include>

    <include name="Animation.PosterSlide">
        <animation condition="[String.IsEqual(Window.Property(moviecontent),1) + !String.IsEmpty(ListItem.Art(discart))]" effect="slide" end="0,80" start="0,0" time="300">Conditional</animation>
    </include>

    <include name="Animation.PosterSlideSquare">
        <animation condition="[Control.HasFocus(9002) | String.IsEqual(Window.Property(ShowDisc),1)] + !String.IsEmpty(ListItem.Art(discart))" effect="slide" end="0,80" start="0,0" time="300">Conditional</animation>
    </include>

    <include name="Animation.CDSlideSquare">
        <animation condition="Control.HasFocus(9002) + !String.IsEmpty(ListItem.Art(discart))" reversible="false" effect="slide" start="0,0" end="0,-130" delay="0" time="400" tween="quadratic" easing="out">Conditional</animation>
        <animation type="Hidden">
            <effect type="slide" reversible="false" start="0,-130" end="0,0" delay="0" time="200" tween="quadratic" easing="out"/>
        </animation>
    </include>

    <include name="Animation.ActorZoom.Focus0">
        <focusposition>0</focusposition>
    </include>

    <include name="Animation.ActorZoom.Focus2">
        <focusposition>2</focusposition>
    </include>

    <include name="Animation.DelayFadeIn">
        <animation effect="fade" start="0" end="100" time="650" delay="200" tween="cubic" easing="inout" reversible="false">Visible</animation>
        <animation effect="fade" start="0" end="100" time="650" delay="200" tween="cubic" easing="inout">WindowOpen</animation>
    </include>

    <include name="Animation.DelayFadeIn300">
        <animation effect="fade" start="0" end="100" time="650" delay="300" tween="cubic" easing="inout" reversible="false">Visible</animation>
        <animation effect="fade" start="0" end="100" time="650" delay="300" tween="cubic" easing="inout">WindowOpen</animation>
    </include>

    <include name="Animation.DelayFadeIn600">
        <animation effect="fade" start="0" end="100" time="650" delay="600" tween="cubic" easing="inout" reversible="false">Visible</animation>
        <animation effect="fade" start="0" end="100" time="650" delay="600" tween="cubic" easing="inout">WindowOpen</animation>
    </include>

    <include name="Animation.DelayFadeIn510">
        <animation effect="fade" start="0" end="100" time="650" delay="200" tween="cubic" easing="inout" reversible="false">Visible</animation>
        <animation effect="fade" start="0" end="100" time="650" delay="200" tween="cubic" easing="inout">WindowOpen</animation>
    </include>

    <include name="Animation.DelayFadeIn3">
        <animation effect="fade" start="0" end="100" time="650" delay="900" tween="cubic" easing="inout" reversible="false">Visible</animation>
        <animation effect="fade" start="0" end="100" time="650" delay="900" tween="cubic" easing="inout">WindowOpen</animation>
    </include>
    
    <include name="Animation.DelayFadeIn1200">
        <animation effect="fade" start="0" end="100" time="650" delay="1200" tween="cubic" easing="inout" reversible="false">Visible</animation>
        <animation effect="fade" start="0" end="100" time="650" delay="1200" tween="cubic" easing="inout">WindowOpen</animation>
    </include>

    <include name="Animation.DelayFadeIn2">
        <animation effect="fade" start="0" end="100" time="650" delay="600" tween="cubic" easing="inout" reversible="false">Visible</animation>
        <animation effect="fade" start="0" end="100" time="650" delay="600" tween="cubic" easing="inout">WindowOpen</animation>
    </include>

    <include name="Animation.FadeFromHome">
        <animation effect="fade" start="0" end="100" time="350" tween="cubic" easing="inout" condition="Window.Previous(home)">WindowOpen</animation>
        <animation effect="fade" end="0" start="100" time="350" tween="cubic" easing="inout" condition="Window.Next(home)">WindowClose</animation>
    </include>

    <include name="Animation.ZoomIn">
        <animation type="WindowOpen" reversible="false">
            <effect type="fade" start="0" end="100" time="300" tween="sine" easing="in"/>
            <effect type="zoom" start="80" end="100" time="300" center="auto" tween="quadratic" easing="out"/>
        </animation>
        <animation type="Visible" reversible="false">
            <effect type="fade" start="0" end="100" time="300" tween="sine" easing="in"/>
            <effect type="zoom" start="80" end="100" time="300" center="auto" tween="quadratic" easing="out"/>
        </animation>
    </include>

    <include name="Animation.FadeIn.Delay">
        <animation type="Visible">
            <effect type="fade" start="0" end="100" time="350" delay="300" tween="cubic" easing="inout"/>
            <effect type="zoom" start="75" end="100" center="auto" tween="back" time="500" delay="300"/>
        </animation>
        <animation effect="fade" start="0" end="100" time="350" tween="cubic" easing="inout">WindowOpen</animation>
    </include>

    <include name="Animation.SelectBoxHome">
        <animation type="Focus">
            <effect type="zoom" start="95" end="100" time="150" tween="sine" easing="inout" center="auto"/>
            <effect type="fade" start="0" end="100" time="150" tween="sine" easing="in"/>
        </animation>
        <animation type="Unfocus">
            <effect type="zoom" start="100" end="95" time="150" tween="sine" easing="inout" center="auto"/>
            <effect type="fade" start="100" end="0" time="150" tween="sine" easing="out"/>
        </animation>
    </include>

    <include name="Animation.FadeIn.Slide">
        <animation type="Visible" reversible="false">
            <effect type="fade" start="0" end="100" time="300" delay="150"/>
            <effect type="slide" start="0,-48" end="0" center="auto" tween="back" easing="out" time="450" delay="150"/>
        </animation>
        <animation type="WindowOpen" reversible="false">
            <effect type="fade" start="0" end="100" time="300" delay="150"/>
            <effect type="slide" start="0,-48" end="0" center="auto" tween="back" easing="out" time="450" delay="150"/>
        </animation>
    </include>

    <include name="Animation.SwitchText">
        <visible>!Container().OnNext + !Container().OnPrevious + !String.IsEqual(ListItem.Label,..)</visible>
        <animation condition="!Container().OnNext + !Container().OnPrevious" effect="fade" start="100" end="0" time="400">Hidden</animation>
        <animation condition="!Container().OnNext + !Container().OnPrevious" effect="fade" delay="200" start="0" reversible="false" end="100" time="500">Visible</animation>
    </include>

    <include name="Animation.ViHi">
        <animation effect="fade" start="100" end="0" time="200">Hidden</animation>
        <animation effect="fade" start="0" delay="200" end="100" time="200">Visible</animation>
    </include>

    <include name="Animation.ViHi.Settings">
        <animation effect="fade" start="0" end="100" time="300">Visible</animation>
        <animation effect="fade" start="100" end="0" time="100">Hidden</animation>
    </include>

    <include name="Animation.SlideUp">
        <animation type="Visible">
            <effect type="fade" start="0" end="100" time="250" delay="0" tween="cubic" easing="inout"/>
            <effect type="slide" start="0,48" end="0" center="auto" tween="back" easing="out" time="400" delay="0"/>
        </animation>
        <animation type="WindowOpen">
            <effect type="fade" start="0" end="100" time="250" delay="0" tween="cubic" easing="inout"/>
            <effect type="slide" start="0,48" end="0" center="auto" tween="back" easing="out" time="400" delay="0"/>
        </animation>
    </include>

    <include name="Animation.FadeOut">
        <animation effect="fade" end="0" start="100" time="150">Hidden</animation>
        <animation effect="fade" end="0" start="100" time="150">WindowClose</animation>
    </include>
    
    <include name="Animation.FadeOut2">
        <animation effect="fade" end="0" start="100" time="150" reversible="false">Hidden</animation>
    </include>

    <include name="Animation.FadeOutHomeFullscreenWidget">
        <include condition="$EXP[HomeIsModernMultiWidgetsNetflix] | $EXP[HomeIsVerticalMultiWidgetsNetflix]" content="Animation.FadeOutHomeFullscreenWidgetType3">
            <param name="condition" value="$PARAM[condition] + !Control.HasFocus(300) + !Control.HasFocus(302) + !Control.HasFocus(2011)"/>
        </include>
        <include condition="!Skin.HasSetting(homemenu.clean.flix) + !Skin.HasSetting(homemenu.netflix)" content="Animation.FadeOutHomeFullscreenWidgetType1">
            <param name="condition" value="$PARAM[condition] + !Control.HasFocus(300) + !Control.HasFocus(302) + !Control.HasFocus(2011)"/>
        </include>
        <include condition="$EXP[HomeIsCleanMinimal]" content="Animation.FadeOutHomeFullscreenWidgetType2">
            <param name="condition" value="$PARAM[condition] + !Control.HasFocus(300) + !Control.HasFocus(302) + !Control.HasFocus(2011)"/>
        </include>
    </include>

    <include name="Animation.FadeOutHomeFullscreenWidgetType1">
        <animation effect="fade" end="33" start="100" time="250" condition="$PARAM[condition]">Conditional</animation>
    </include>

    <include name="Animation.FadeOutHomeFullscreenWidgetType2">
        <animation effect="fade" end="0" start="100" time="200" condition="$PARAM[condition]">Conditional</animation>
    </include>

    <include name="Animation.FadeOutHomeFullscreenWidgetType3">
        <animation effect="fade" end="0" start="100" time="150" condition="$PARAM[condition]">Conditional</animation>
    </include>

    <include name="Animation.ClearLogo.FadeOut">
        <animation effect="fade" end="0" start="100" time="150" condition="[[Window.IsVisible(DialogMusicInfo.xml) | Window.IsVisible(DialogVideoInfo.xml) | Window.IsVisible(Custom_MovieSets.xml)]] | [Control.IsVisible(514) + !Skin.HasSetting(NotShowClearart514)] | [[Control.IsVisible(512) | Control.IsVisible(511)] + Skin.HasSetting(ShowClearart511)] | [Control.IsVisible(510) + Skin.HasSetting(ShowClearart510)]">Conditional</animation>
    </include>

    <include name="Animation.FurnitureVisible">
        <animation effect="fade" end="0" start="100" condition="Window.IsVisible(skin.arctic.zephyr.mod.script-gto-info.xml) | [[Window.IsVisible(DialogVideoInfo.xml) | Window.IsVisible(DialogMusicInfo.xml) | Window.IsVisible(DialogPVRInfo.xml) | Window.IsVisible(DialogAddonInfo.xml) | Window.IsVisible(Custom_MovieSets.xml)]]" time="450" delay="0" tween="sine" easing="in">Conditional</animation>
        <animation effect="fade" end="100" start="0" condition="![Window.IsVisible(skin.arctic.zephyr.mod.script-gto-info.xml) | [[Window.IsVisible(DialogVideoInfo.xml) | Window.IsVisible(DialogMusicInfo.xml) | Window.IsVisible(DialogPVRInfo.xml) | Window.IsVisible(DialogAddonInfo.xml) | Window.IsVisible(Custom_MovieSets.xml)]]]" time="150">Conditional</animation>
        <animation effect="fade" end="100" start="0" time="450" delay="0" tween="sine" easing="in">WindowOpen</animation>
        <animation effect="fade" end="0" start="100" time="150">WindowClose</animation>
        <animation effect="fade" end="100" start="0" time="450" delay="0" tween="sine" easing="in">Visible</animation>
        <animation effect="fade" end="0" start="100" time="150">Hidden</animation>
    </include>

    <include name="Animation.FurnitureVisibleHomeLabel">
        <animation effect="fade" end="0" start="100" condition="Window.IsVisible(skin.arctic.zephyr.mod.script-gto-info.xml) | [[Window.IsVisible(DialogVideoInfo.xml) | Window.IsVisible(DialogMusicInfo.xml) | Window.IsVisible(DialogPVRInfo.xml) | Control.HasFocus(301) | [Window.IsVisible(Home.xml) + !Skin.HasSetting(home.showheader)] | Window.IsVisible(DialogAddonInfo.xml) | Window.IsVisible(Custom_MovieSets.xml)]]" time="450" delay="0" tween="sine" easing="in">Conditional</animation>
        <animation effect="fade" end="100" start="0" condition="![Window.IsVisible(skin.arctic.zephyr.mod.script-gto-info.xml) | [[Window.IsVisible(DialogVideoInfo.xml) | Window.IsVisible(DialogMusicInfo.xml) | Window.IsVisible(DialogPVRInfo.xml) | Control.HasFocus(301) | [Window.IsVisible(Home.xml) + !Skin.HasSetting(home.showheader)] | Window.IsVisible(DialogAddonInfo.xml) | Window.IsVisible(Custom_MovieSets.xml)]]]" time="150">Conditional</animation>
        <animation effect="fade" end="100" start="0" time="450" delay="0" tween="sine" easing="in">WindowOpen</animation>
        <animation effect="fade" end="0" start="100" time="150">WindowClose</animation>
        <animation effect="fade" end="100" start="0" time="450" delay="0" tween="sine" easing="in">Visible</animation>
        <animation effect="fade" end="0" start="100" time="150">Hidden</animation>
    </include>

    <include name="Animation.FurnitureFadeInOut">
        <animation effect="fade" start="0" end="100" time="150">Visible</animation>
        <animation effect="fade" end="0" start="100" time="150">Hidden</animation>
        <animation effect="fade" start="0" end="100" time="150" condition="!Window.IsVisible(Custom_MovieSets.xml) + ![Window.Previous(home) + Skin.HasSetting(home.vertical)] + ![Window.IsVisible(home) + Skin.HasSetting(home.vertical)]">WindowOpen</animation>
        <animation effect="fade" end="0" start="100" time="150" condition="![Window.Next(home) + Skin.HasSetting(home.vertical)] + ![Window.IsVisible(home) + Skin.HasSetting(home.vertical)]">WindowClose</animation>
    </include>

    <include name="Animation.TestIn">
        <visible>!Container().OnNext + !Container().OnPrevious + !ListItem.IsCollection</visible>
        <animation type="VisibleChange" reversible="false">
            <effect type="fade" start="0" end="100" time="400" delay="2300"/>
        </animation>
        <animation type="Conditional" condition="true" reversible="false">
            <effect type="fade" start="0" end="100" time="400" delay="2300"/>
        </animation>
    </include>

    <include name="Animation.TestOut">
        <animation type="Conditional" condition="!Container().OnNext + !Container().OnPrevious + !ListItem.IsCollection" reversible="false">
            <effect type="fade" start="100" end="0" time="400" delay="2000"/>
        </animation>
    </include>

    <include name="Animation.FadeInDialogWIP">
        <animation effect="fade" start="0" end="100" time="350" delay="300">Visible</animation>
    </include>

    <include name="Animation.FadeInDialogWIP2">
        <animation effect="fade" start="0" end="100" time="250" delay="200">Visible</animation>
    </include>

    <include name="Animation.cast">
        <animation center="1842,975" condition="!ControlGroup(9600).HasFocus() + !Control.HasFocus(9501) + !Control.HasFocus(9502) + !Control.HasFocus(50) + !Control.HasFocus(9503) + !Control.HasFocus(9504) + !Control.HasFocus(10054)" effect="zoom" end="77" tween="sine" easing="inout" start="100" time="300">Conditional</animation>
    </include>

    <include name="Animation.CastInfo">
        <param name="controlid" value="$PARAM[controlid]"/>
        <definition>
            <animation center="90,975" condition="Control.HasFocus($PARAM[controlid])" effect="zoom" end="130" start="100" time="150">Conditional</animation>
        </definition>
    </include>

    <include name="Animation.CastInfo2">
        <param name="controlid" value="$PARAM[controlid]"/>
        <definition>
            <animation center="200,931" condition="Control.HasFocus($PARAM[controlid])" effect="zoom" end="132.2" start="100" time="150">Conditional</animation>
        </definition>
    </include>

    <include name="Animation.ExtendedCastInfo">
        <param name="controlid" value="$PARAM[controlid]"/>
        <definition>
            <animation center="676,975" condition="Control.HasFocus($PARAM[controlid]) | Control.HasFocus(160)" effect="zoom" end="130" start="100" time="150">Conditional</animation>
        </definition>
    </include>

    <include name="Animation.ExtendedCastInfoMusic">
        <param name="controlid" value="$PARAM[controlid]"/>
        <definition>
            <animation center="1096,933" condition="Control.HasFocus($PARAM[controlid]) | Control.HasFocus(160)" effect="zoom" end="132.2" start="100" time="150">Conditional</animation>
        </definition>
    </include>

    <include name="Animation.ExtendedCastInfoYt">
        <param name="controlid" value="$PARAM[controlid]"/>
        <definition>
            <animation center="756,930" condition="Control.HasFocus($PARAM[controlid])" effect="zoom" end="132.2" start="100" time="150">Conditional</animation>
        </definition>
    </include>

    <include name="Animation.addoninfo">
        <animation center="2636,116" condition="ControlGroup(9000).HasFocus() | Control.HasFocus(9601)" effect="zoom" end="77" tween="sine" easing="inout" start="100" time="300">Conditional</animation>
    </include>

    <include name="Animation.MusicFadeOut">
        <animation condition="Control.HasFocus(9501) | Control.HasFocus(160) | Control.HasFocus(9502) | Control.HasFocus(9508)" effect="fade" end="0" start="100" time="300">Conditional</animation>
    </include>

    <include name="Animation.VideoFadeOut">
        <animation condition="[ControlGroup(9600).HasFocus() | Control.HasFocus(160) | Control.HasFocus(9501) | Control.HasFocus(9506) | Control.HasFocus(9515) | Control.HasFocus(9560) | Control.HasFocus(50) | Control.HasFocus(9502) | Control.HasFocus(9503) | Control.HasFocus(9504) | Control.HasFocus(10052) | Control.HasFocus(10053) | Control.HasFocus(10054) | Control.HasFocus(10056) | Control.HasFocus(10057) | Control.HasFocus(10058) | Control.HasFocus(10100)] + !Control.HasFocus(9601)" effect="fade" end="0" start="100" time="300">Conditional</animation>
    </include>
    
    <include name="Animation.WikiFadeOut">
        <animation condition="[Window.IsVisible(script-wikipedia.xml) + !Skin.HasSetting(hidebutton.video.wiki)]" effect="fade" end="0" start="100" time="300">Conditional</animation>
    </include>
    
    <include name="Animation.CastFadeOut">
        <animation condition="Window.IsVisible(DialogSelect.xml) | Window.IsVisible(FileBrowser.xml)" effect="fade" end="0" start="100" time="0">Conditional</animation>
    </include>

    <include name="Animation.HomeIsModernMultiWidgets">
        <visible>![Window.IsVisible(DialogVideoInfo.xml) | Window.IsVisible(DialogMusicInfo.xml) | Window.IsVisible(DialogPVRInfo.xml) | Window.IsVisible(DialogAddonInfo.xml) | Window.IsVisible(skin.arctic.zephyr.mod.script-gto-info.xml)]</visible>
        <animation type="WindowOpen" reversible="false">
            <effect type="fade" start="0" end="100" time="450" delay="0" tween="sine" easing="in"/>
        </animation>
        <animation type="WindowClose" reversible="false">
            <effect type="fade" start="100" end="0" tween="cubic" easing="out" delay="0" time="350"/>
        </animation>
        <animation type="Visible" reversible="false">
            <effect type="fade" start="0" end="100" time="450" delay="0" tween="sine" easing="in"/>
        </animation>
        <animation type="Hidden" reversible="false">
            <effect type="fade" start="100" end="0" tween="cubic" easing="out" delay="0" time="350"/>
        </animation>
    </include>

    <include name="Animation.NowPlaying.Widget.Fade">
        <animation type="Conditional" reversible="false" condition="Skin.HasSetting(extended.nowplaying) + !ControlGroup(301).HasFocus() + !Control.HasFocus(4567) + !Control.HasFocus(8888) + Player.HasMedia">
            <effect type="fade" start="100" end="0" tween="sine" reversible="false" easing="out" delay="0" time="350"/>
        </animation>
        <animation type="Conditional" reversible="false" condition="![Skin.HasSetting(extended.nowplaying) + !ControlGroup(301).HasFocus() + !Control.HasFocus(4567) + !Control.HasFocus(8888) + Player.HasMedia]">
            <effect type="fade" start="0" end="100" tween="sine" reversible="false" easing="in" delay="350" time="450"/>
        </animation>
    </include>

    <include name="Animation.Home.Clean">
        <animation effect="slide" start="0" end="0,163" time="150" condition="!Control.HasFocus(300) + !Control.HasFocus(302)">Conditional</animation>
        <animation effect="slide" start="0" end="0,47" time="150" condition="!Control.HasFocus(300) + !Control.HasFocus(302) + Skin.HasSetting(home.oldmenuheight)">Conditional</animation>
        <animation effect="slide" start="0" end="0,20" time="150" condition="!Control.HasFocus(300) + !Control.HasFocus(302) + Skin.HasSetting(submenu.compatibility)">Conditional</animation>
    </include>
    
    <include name="Animation.Focus.Zoom">
        <param name="zoom" value="$PARAM[zoom]" default="105"/>
        <definition>
        <animation center="auto" easing="inout" effect="zoom" end="$PARAM[zoom]" start="100" time="200" tween="sine">Focus</animation>
        <animation center="auto" easing="inout" effect="zoom" end="100" start="$PARAM[zoom]" time="150" tween="sine">UnFocus</animation>
        </definition>
    </include>
    
    <include name="Animation.AutoTrailer.IsPlaying">
        <animation effect="fade" end="0" start="100" time="250" condition="$EXP[TrailerWindowIsActive]">Conditional</animation>
    </include>
    
    <include name="Animation.AutoTrailer.FadeOut.Background">
        <animation effect="fade" start="100" end="0" time="750" condition="!String.IsEmpty(Window(home).Property(TrailerFade))">Conditional</animation>
    </include>
    
    <include name="Animation.Weather.FadeInOut">
        <animation effect="fade" start="0" end="100" time="400" delay="300">Visible</animation>
        <animation effect="fade" end="0" start="100" time="400">Hidden</animation>
        <animation effect="slide" start="0" end="0,-17" time="0" condition="!Skin.HasSetting(homemenu.clean.flix) + !Skin.HasSetting(homemenu.netflix)">Conditional</animation>
    </include>
    
    <include name="Animation.Slide.Menu">
        <param name="left" default="-668"/>
        <definition>
        <animation type="Visible">
            <effect type="slide" start="$PARAM[left]" end="0" time="250"/>
            <effect type="fade" start="70" end="100" time="250"/>
        </animation>
        <animation type="WindowOpen">
            <effect type="slide" start="$PARAM[left]" end="0" time="250"/>
            <effect type="fade" start="70" end="100" time="250"/>
        </animation>            
        <animation type="Hidden">
            <effect type="slide" end="$PARAM[left]" start="0" time="250"/>
            <effect type="fade" start="100" end="70" time="250"/>
        </animation>
        <animation type="WindowClose">
            <effect type="slide" end="$PARAM[left]" start="0" time="250"/>
            <effect type="fade" start="100" end="70" time="250"/>
        </animation>
        </definition>
    </include>
    
    <include name="Animation.Slide.Vertical.Menu">
        <param name="left" default="-250"/>
        <definition>
        <animation type="Visible" reversible="false">
            <effect type="fade" start="0" end="100" time="150" tween="sine" easing="in" delay="150" />
            <effect type="slide" start="$PARAM[left],0" end="0,0" time="200" tween="sine" easing="out" delay="150" />
        </animation>
        <animation type="Hidden" reversible="false">
            <effect type="fade" start="100" end="0" time="100" tween="sine" easing="out" />
            <effect type="slide" start="0,0" end="$PARAM[left],0" time="150" tween="sine" easing="out" />
        </animation>
        </definition>
    </include>
    
    <include name="Animation.Clean.Widget.Slide.Out">
        <animation type="WindowClose" condition="!ControlGroup.HasFocus(301)">
            <effect type="fade" start="100" end="0" time="100" />
            <effect type="slide" start="0,0" end="0,250" time="150" />
        </animation>
    </include>
    
    <include name="Animation.Animate.Fanart">
        <animation effect="zoom" start="110" end="120" center="auto" time="10000" tween="sine" easing="inout" pulse="true" condition="Skin.HasSetting(Fanart.Animate)">Conditional</animation>
        <animation effect="slide" start="-20,-20" end="20,20" time="6000" tween="sine" easing="inout" pulse="true" condition="Skin.HasSetting(Fanart.Animate)">Conditional</animation>
    </include>
    
    <include name="Animation.Animate.Slideshow">
        <animation effect="zoom" start="110" end="130" center="auto" time="10000" tween="sine" easing="inout" pulse="true" condition="Skin.HasSetting(ArtistSlideshow.Animate)">Conditional</animation>
        <animation effect="slide" start="-30,-30" end="30,30" time="6000" tween="sine" easing="inout" pulse="true" condition="Skin.HasSetting(ArtistSlideshow.Animate)">Conditional</animation>
    </include>
    
    <include name="Animation.Background.OpenClose">
        <animation type="WindowOpen" reversible="false" condition="Window.IsVisible(home) + ![$EXP[HomeIsModern] | $EXP[HomeIsSpotlight] | $EXP[HomeIsClassic] | $EXP[HomeIsCleanMinimal]]">
            <effect type="fade" start="0" end="100" time="450" delay="0" tween="sine" easing="in"/>
        </animation>
        <animation type="WindowOpen" reversible="false" condition="Window.IsVisible(home) + ![$EXP[HomeIsModern] | $EXP[HomeIsSpotlight] | $EXP[HomeIsClassic]] + $EXP[HomeIsCleanMinimal]">
            <effect type="fade" start="0" end="100" time="450" delay="0" tween="sine" easing="out"/>
        </animation>
        <animation type="WindowOpen" reversible="false" condition="!Window.IsVisible(home)">
            <effect type="fade" start="0" end="100" time="450" delay="0" tween="sine" easing="in"/>
        </animation>
        <animation type="WindowClose" reversible="false">
            <effect type="fade" end="0" start="100" time="300" tween="sine" easing="out"/>
        </animation>
    </include>
</includes>
