<?xml version="1.0" encoding="UTF-8" standalone="yes"?>
<addon id="repository.rockafella83" name="Rockafella83 Repo" version="1.1.0" provider-name="rockafella83">
	<requires>
		<import addon="xbmc.addon" version="12.0.0"/>
	</requires>
	<extension point="xbmc.addon.repository" name="Rockafella83's Repo">
		<dir minversion="18.9.0">
			<info compressed="true">https://github.com/PPRobitaille/repository.rockafella83/raw/main/addons.xml</info>
			<checksum>https://github.com/PPRobitaille/repository.rockafella83/raw/main/addons.xml.md5</checksum>
			<datadir zip="true">https://github.com/PPRobitaille/repository.rockafella83/raw/main/</datadir>
		</dir>
	</extension>
	<extension point="xbmc.addon.metadata">
		<summary>Rockafella83 Kodi repository</summary>
		<description>Personal repository of Rockafella83 and home of the Arctic Zephyr Matrix Mod skin</description>
		<disclaimer></disclaimer>
		<platform>all</platform>
		<assets>
			<icon>resources/icon.png</icon>
			<fanart>resources/fanart.jpg</fanart>
		</assets>
	</extension>
</addon>
