<?xml version="1.0" encoding="UTF-8"?>
<!-- Foundation -->
<includes>

    <include name="View_501_Testo">
        <description>List View (id=501)</description>
        <control type="group">
            <visible>Control.IsVisible(501)</visible>
            <include>ViewSlideForJumpBar</include>
            <include>Animation.Common</include>
            <control type="group">
                <left>SidePad</left>
                <control type="image">
                    <width>220</width>
                    <height>518</height>
                    <top>217</top>
                    <left>1</left>
                    <texture background="true" diffuse="diffuse/wall.png" colordiffuse="InfoBackground" border="0">common/white.png</texture>
                </control>
                <control type="image">
                    <visible>!Skin.HasSetting(thumbnails.white)</visible>
                    <width>222</width>
                    <height>520</height>
                    <top>216</top>
                    <texture background="true" colordiffuse="Box2" border="4" infill="false">common/box21.png</texture>
                </control>
                <control type="group">
                    <control type="wraplist" id="501">
                        <top>227</top>
                        <height>494</height>
                        <width>240</width>
                        <left>-19</left>
                        <onleft condition="!Skin.HasSetting(global.kioskmode)">9000</onleft>
                        <onright>1602</onright>
                        <onup>59</onup>
                        <ondown>59</ondown>
                        <focusposition>4</focusposition>
                        <movement>3</movement>
                        <pagecontrol>1602</pagecontrol>
                        <preloaditems>2</preloaditems>
                        <include content="forced_view" condition="Skin.HasSetting(enable.forcedviews)">
                            <param name="string" value="$LOCALIZE[31015]" />
                        </include>
                        <visible>Container.Content(movies) | Container.Content(musicvideos) | Container.Content(tvshows) | Container.Content(episodes) | Container.Content(seasons) | Container.Content(sets) | Container.Content(videos) | $EXP[InGameMode]</visible>
                        <include>ScrolltimeViewsList</include>
                        <viewtype label="31015">wraplist</viewtype>
                        <itemlayout width="400" height="54">
                            <include>50itemlayout_new</include>
                        </itemlayout>
                        <focusedlayout width="400" height="54">
                            <control type="group">
                                <visible>Control.HasFocus(501)</visible>
                                <include>50focuslayout_new</include>
                            </control>
                            <control type="group">
                                <visible>!Control.HasFocus(501)</visible>
                                <include>50itemlayout_new</include>
                            </control>
                        </focusedlayout>
                    </control>
                </control>
                <control type="group">
                    <right>0</right>
                    <control type="scrollbar" id="1602">
                        <include condition="!Skin.HasSetting(disable.scrollbar.visibility)" content="scrollbar_vertical">
                            <param name="scrollid" value="1602"/>
                            <param name="posy" value="216"/>
                            <param name="height" value="648"/>
                        </include>
                    </control>
                </control>
            </control>
            <control type="group">
                <control type="group">
                    <top>188</top>
                    <left>270</left>
                    <control type="group">
                        <control type="image">
                            <left>15</left>
                            <top>0</top>
                            <width>1600</width>
                            <height>30</height>
                            <texture background="true">common/$VAR[background_top]</texture>
                        </control>
                        <control type="image">
                            <left>15</left>
                            <top>675</top>
                            <width>1600</width>
                            <height>30</height>
                            <texture background="true" flipy="true">common/$VAR[background_top]</texture>
                        </control>
                        <control type="image">
                            <left>13</left>
                            <top>33</top>
                            <width>30</width>
                            <height>650</height>
                            <texture background="true">common/$VAR[background_side]</texture>
                        </control>
                        <control type="image">
                            <left>1569</left>
                            <top>33</top>
                            <width>30</width>
                            <height>650</height>
                            <texture background="true" flipx="true">common/$VAR[background_side]</texture>
                        </control>
                    </control>
                    <control type="image">
                        <width>1524</width>
                        <height>646</height>
                        <top>29</top>
                        <left>43</left>
                        <texture colordiffuse="InfoBackground" background="true" diffuse="diffuse/bigwiderolodex_new.png" border="12">common/white.png</texture>
                    </control>
                    <control type="image">
                        <left>448</left>
                        <top>29</top>
                        <right>10</right>
                        <fadetime>PosterFanartFadetime</fadetime>
                        <width>1120</width>
                        <height>646</height>
                        <aspectratio aligny="center" align="center">scale</aspectratio>
                        <texture diffuse="diffuse/bigwiderolodex_new.png" border="20" background="true">$VAR[FanartImageFanart]</texture>
                    </control>
                    <control type="image">
                        <left>42</left>
                        <top>28</top>
                        <right>81</right>
                        <bottom>216</bottom>
                        <texture colordiffuse="Box2" border="4" background="true" infill="false">common/box21.png</texture>
                        <visible>!Skin.HasSetting(thumbnails.white)</visible>
                    </control>
                    <control type="group">
                        <left>72</left>
                        <right>30</right>
                        <posy>31</posy>
                        <height>630</height>
                        <width>347</width>
                        <control type="label">
                            <top>8</top>
                            <aligny>center</aligny>
                            <height>64</height>
                            <font>SmallBold</font>
                            <textcolor>Dark1</textcolor>
                            <selectedcolor>Dark1</selectedcolor>
                            <label>$INFO[ListItem.Label]</label>
                            <include condition="Skin.HasSetting(labels.autoscroll)">LabelScroll</include>
                        </control>
                        <control type="label">
                            <top>50</top>
                            <height>64</height>
                            <aligny>center</aligny>
                            <font>Small333</font>
                            <textcolor>Dark1</textcolor>
                            <selectedcolor>Dark1</selectedcolor>
                            <label>$VAR[LabelGenre]</label>
                        </control>
                        <control type="textbox">
                            <top>136</top>
                            <bottom>17</bottom>
                            <font>TinyPlot</font>
                            <height>360</height>
                            <textcolor>Dark2</textcolor>
                            <selectedcolor>Dark2</selectedcolor>
                            <label>$INFO[ListItem.Plot]</label>
                            <align>justify</align>
                            <autoscroll>false</autoscroll>
                        </control>
                        <control type="label">
                            <posy>570</posy>
                            <width>450</width>
                            <font>Small333</font>
                            <textcolor>Dark2</textcolor>
                            <label>$VAR[RatingAndVotesLabel]</label>
                            <selectedcolor>Dark2</selectedcolor>
                            <visible>!Skin.HasSetting(furniture.numericrating) + !Skin.HasSetting(hidevotesfanart)</visible>
                        </control>
                        <control type="label">
                            <posy>570</posy>
                            <width>450</width>
                            <font>Small333</font>
                            <textcolor>Dark2</textcolor>
                            <label>$INFO[ListItem.Votes,, $LOCALIZE[205]]</label>
                            <selectedcolor>Dark2</selectedcolor>
                            <visible>Skin.HasSetting(furniture.numericrating) + !Skin.HasSetting(hidevotesfanart)</visible>
                        </control>
                        <include condition="Skin.HasSetting(furniture.overlayinfobalken)" content="ProgressCircle">
                            <param name="progresstvshowvisible" value="true"/>
                            <param name="left" value="225"/>
                            <param name="top" value="495"/>
                        </include>
                        <control type="group">
                            <visible>!Skin.HasSetting(furniture.numericrating)</visible>
                            <posy>460</posy>
                            <posx>0</posx>
                            <width>1050</width>
                            <visible>!ListItem.IsFolder</visible>
                            <animation effect="slide" start="0" end="0,52" time="0" condition="Skin.HasSetting(hidevotesfanart)">Conditional</animation>
                            <include content="Def_Flag">
                                <param name="Star" value="Flagstar1" />
                            </include>
                            <include content="Def_Flag">
                                <param name="Star" value="Flagstar2" />
                                <param name="left" value="50" />
                            </include>
                            <include content="Def_Flag">
                                <param name="Star" value="Flagstar3" />
                                <param name="left" value="100" />
                            </include>
                            <include content="Def_Flag">
                                <param name="Star" value="Flagstar4" />
                                <param name="left" value="150" />
                            </include>
                            <include content="Def_Flag">
                                <param name="Star" value="Flagstar5" />
                                <param name="left" value="200" />
                            </include>
                        </control>
                        <control type="group">
                            <posy>460</posy>
                            <posx>0</posx>
                            <width>1050</width>
                            <visible>Skin.HasSetting(furniture.numericrating)</visible>
                            <animation effect="slide" start="0" end="0,52" time="0" condition="Skin.HasSetting(hidevotesfanart)">Conditional</animation>
                            <include content="Def_Flag">
                                <param name="Star" value="Flagstar1" />
                            </include>
                            <control type="label">
                                <left>45</left>
                                <width min="48">auto</width>
                                <centertop>50%</centertop>
                                <height>64</height>
                                <align>left</align>
                                <aligny>center</aligny>
                                <label>$VAR[RatingLabel]</label>
                                <font>Flag</font>
                                <textcolor>Dark2</textcolor>
                            </control>
                        </control>
                    </control>
                </control>
                <include content="IndicatorPoster" condition="!Skin.HasSetting(hide.markers)">
                    <param name="right" value="72" />
                    <param name="top" value="207" />
                </include>
                <include>PosterDiscCase</include>
            </control>
        </control>
    </include>
</includes>
