<?xml version="1.0" encoding="UTF-8"?>
<!-- Foundation -->
<window id="120">
    <onunload>ClearProperty(SetUserRating,home)</onunload>
    <include condition="!Player.PauseEnabled">OSDFocusStop</include>
    <include condition="Player.PauseEnabled">OSDFocusPause</include>
    <controls>
        <control type="group">
            <width>699</width>
            <include content="Animation.Slide.Menu"><param name="left" value="-698" /></include>
            <animation type="Conditional" condition="[Window.IsVisible(script-cu-lrclyrics-main.xml) + Skin.HasSetting(HideMusicOSDOnLyrics)]">
                <effect type="fade" start="100" end="0" time="150"/>
                <effect type="slide" end="-698" start="0" time="150"/>
            </animation>
            <control type="image">
                <posx>-10</posx>
                <posy>-10</posy>
                <width>718</width>
                <height>1100</height>
                <colordiffuse>Background</colordiffuse>
                <texture border="16">common/rounded-shadow8.png</texture>
                <animation effect="fade" start="100" end="90" condition="true">Conditional</animation>
            </control>
            <control type="group">
                <posy>294</posy>
                <control type="group">
                    <right>8</right>
                    <centertop>69</centertop>
                    <height>100</height>
                    <width>100</width>
                    <include content="NowPlaying_Progress">
                        <param name="id" value="934"/>
                        <param name="info" value="Player.Progress"/>
                        <param name="visible" value="true"/>
                        <param name="animation" value="Animation.RotatePlay"/>
                    </include>
                </control>
                <control type="group">
                    <top>10</top>
                    <control type="label">
                        <left>30</left>
                        <right>30</right>
                        <posy>10</posy>
                        <align>left</align>
                        <textcolor>Dark1</textcolor>
                        <font>TinyBold</font>
                        <label>19031</label>
                    </control>
                    <control type="label">
                        <left>30</left>
                        <right>30</right>
                        <posy>50</posy>
                        <align>left</align>
                        <textcolor>Dark1</textcolor>
                        <font>TinyBold</font>
                        <label>$INFO[Container(9100).NumItems,,  $LOCALIZE[134]]</label>
                    </control>
                </control>
            </control>
            <control type="group">
                <posy>30</posy>
                <width>697</width>
                <control type="image">
                    <left>30</left>
                    <width>260</width>
                    <height>260</height>
                    <texture diffuse="diffuse/wall.png" fallback="DefaultAlbumCover.png">$VAR[PlayerPoster]</texture>
                    <aspectratio aligny="center" align="center">keep</aspectratio>
                </control>
                <control type="image">
                    <left>29</left>
                    <top>-1</top>
                    <width>262</width>
                    <height>262</height>
                    <texture colordiffuse="$VAR[MusicOSDBox]" border="4" infill="false">common/box21.png</texture>
                    <visible>!Skin.HasSetting(thumbnails.white)</visible>
                </control>
                <control type="grouplist">
                    <top>0</top>
                    <bottom>0</bottom>
                    <left>320</left>
                    <right>20</right>
                    <orientation>vertical</orientation>
                    <itemgap>12</itemgap>
                    <visible>true</visible>
                    <usecontrolcoords>true</usecontrolcoords>
                    <control type="label" description="Artist">
                        <height>48</height>
                        <font>MediumBold3</font>
                        <align>center</align>
                        <textcolor>Dark1</textcolor>
                        <label>$VAR[PlayerBigTitle]</label>
                        <include condition="Skin.HasSetting(labels.autoscroll)">LabelScroll</include>
                    </control>
                    <control type="label" description="Song">
                        <height>40</height>
                        <font>MediumBold3</font>
                        <align>center</align>
                        <textcolor>Dark1</textcolor>
                        <label>$VAR[PlayerTitle]</label>
                        <include condition="Skin.HasSetting(labels.autoscroll)">LabelScroll</include>
                    </control>
                    <control type="grouplist">
                        <width>100%</width>
                        <height>35</height>
                        <orientation>horizontal</orientation>
                        <align>center</align>
                        <top>10</top>
                        <itemgap>12</itemgap>
                        <usecontrolcoords>true</usecontrolcoords>
                        <visible>true</visible>
                        <include content="Def_Flag">
                            <param name="Star" value="FlagstarMusic1"/>
                            <param name="visible" value="!Skin.HasSetting(musicosd.numericrating)"/>
                        </include>
                        <include content="Def_Flag">
                            <param name="Star" value="FlagstarMusic2"/>
                            <param name="visible" value="!Skin.HasSetting(musicosd.numericrating)"/>
                        </include>
                        <include content="Def_Flag">
                            <param name="Star" value="FlagstarMusic3"/>
                            <param name="visible" value="!Skin.HasSetting(musicosd.numericrating)"/>
                        </include>
                        <include content="Def_Flag">
                            <param name="Star" value="FlagstarMusic4"/>
                            <param name="visible" value="!Skin.HasSetting(musicosd.numericrating)"/>
                        </include>
                        <include content="Def_Flag">
                            <param name="Star" value="FlagstarMusic5"/>
                            <param name="visible" value="!Skin.HasSetting(musicosd.numericrating)"/>
                        </include>
                        <include content="Def_Flag">
                            <param name="Star" value="FlagstarMusic1"/>
                            <param name="visible" value="Skin.HasSetting(musicosd.numericrating)"/>
                        </include>
                        <control type="label">
                            <height>35</height>
                            <top>0</top>
                            <label>$VAR[RatingLabelMusicPlayer]</label>
                            <aligny>center</aligny>
                            <font>Flag</font>
                            <textcolor>Dark1</textcolor>
                            <visible>!String.IsEmpty(MusicPlayer.Rating) | [!String.IsEmpty(MusicPlayer.UserRating) + Skin.HasSetting(userrating.override.rating)]</visible>
                            <visible>Skin.HasSetting(musicosd.numericrating)</visible>
                        </control>
                    </control>
                    <control type="label" description="AlbumYear">
                        <align>center</align>
                        <font>SmallNavi</font>
                        <height>40</height>
                        <textcolor>Dark2</textcolor>
                        <label>$VAR[PlayerPlotBox]</label>
                        <visible>!String.IsEmpty(MusicPlayer.Album) | !String.IsEmpty(MusicPlayer.Year)</visible>
                        <include condition="Skin.HasSetting(labels.autoscroll)">LabelScroll</include>
                    </control>
                    <control type="label" description="Duration">
                        <height>40</height>
                        <font>SmallNavi</font>
                        <align>center</align>
                        <textcolor>Dark1</textcolor>
                        <label>$INFO[Player.Time]$INFO[Player.Duration,  /  ,]</label>
                    </control>
                </control>
                <include content="scrollbar_dialog">
                    <param name="scrollid" value="6077"/>
                    <param name="onleft" value="9100"/>
                    <param name="onright" value="14"/>
                    <param name="posy" value="400"/>
                    <param name="centerright" value="3"/>
                    <param name="height" value="540"/>
                </include>
                <control type="list" id="9100">
                    <posx>0</posx>
                    <posy>400</posy>
                    <height>550</height>
                    <width>700</width>
                    <onleft>14</onleft>
                    <onright>6077</onright>
                    <onup>noop</onup>
                    <ondown>14</ondown>
                    <pagecontrol>6077</pagecontrol>
                    <orientation>vertical</orientation>
                    <itemlayout height="60" width="700">
                        <control type="image">
                            <left>25</left>
                            <centertop>50%</centertop>
                            <height>32</height>
                            <width>32</width>
                            <texture colordiffuse="$VAR[ColorHighlight]">indicator/playwhite.png</texture>
                            <visible>!String.IsEmpty(ListItem.Property(IsPlaying))</visible>
                        </control>
                        <control type="label">
                            <left>30</left>
                            <right>30</right>
                            <height>100%</height>
                            <aligny>center</aligny>
                            <align>left</align>
                            <font>SmallNavi</font>
                            <textcolor>Dark1</textcolor>
                            <label>$INFO[ListItem.Label]</label>
                            <selectedcolor>Dark1</selectedcolor>
                            <visible>String.IsEmpty(ListItem.Property(IsPlaying))</visible>
                        </control>
                        <control type="label">
                            <left>70</left>
                            <right>30</right>
                            <height>100%</height>
                            <aligny>center</aligny>
                            <align>left</align>
                            <font>SmallNavi</font>
                            <textcolor>Dark1</textcolor>
                            <label>$INFO[ListItem.Label]</label>
                            <selectedcolor>Dark1</selectedcolor>
                            <visible>!String.IsEmpty(ListItem.Property(IsPlaying))</visible>
                        </control>
                        <control type="label">
                            <left>30</left>
                            <right>30</right>
                            <height>100%</height>
                            <aligny>center</aligny>
                            <align>right</align>
                            <font>SmallNavi</font>
                            <textcolor>Dark1</textcolor>
                            <label>$INFO[ListItem.Label2]</label>
                            <selectedcolor>Dark1</selectedcolor>
                        </control>
                        <control type="image">
                            <width>803</width>
                            <height>1</height>
                            <left>-45</left>
                            <top>0</top>
                            <texture colordiffuse="Dark1">common/line1.png</texture>
                            <animation effect="fade" start="100" end="10" condition="true">Conditional</animation>
                        </control>
                    </itemlayout>
                    <focusedlayout height="60" width="700">
                        <control type="group">
                            <visible>!Control.HasFocus(9100)</visible>
                            <control type="image">
                                <left>25</left>
                                <centertop>50%</centertop>
                                <height>32</height>
                                <width>32</width>
                                <texture colordiffuse="$VAR[ColorHighlight]">indicator/playwhite.png</texture>
                                <visible>!String.IsEmpty(ListItem.Property(IsPlaying))</visible>
                            </control>
                            <control type="label">
                                <left>30</left>
                                <right>30</right>
                                <height>100%</height>
                                <aligny>center</aligny>
                                <align>left</align>
                                <font>SmallNavi</font>
                                <textcolor>Dark1</textcolor>
                                <label>$INFO[ListItem.Label]</label>
                                <selectedcolor>Dark1</selectedcolor>
                                <visible>String.IsEmpty(ListItem.Property(IsPlaying))</visible>
                            </control>
                            <control type="label">
                                <left>70</left>
                                <right>30</right>
                                <height>100%</height>
                                <aligny>center</aligny>
                                <align>left</align>
                                <font>SmallNavi</font>
                                <textcolor>Dark1</textcolor>
                                <label>$INFO[ListItem.Label]</label>
                                <selectedcolor>Dark1</selectedcolor>
                                <visible>!String.IsEmpty(ListItem.Property(IsPlaying))</visible>
                            </control>
                            <control type="label">
                                <left>30</left>
                                <right>30</right>
                                <height>100%</height>
                                <aligny>center</aligny>
                                <align>right</align>
                                <font>SmallNavi</font>
                                <textcolor>Dark1</textcolor>
                                <label>$INFO[ListItem.Label2]</label>
                                <selectedcolor>Dark1</selectedcolor>
                            </control>
                        </control>
                        <control type="group">
                            <visible>Control.HasFocus(9100)</visible>
                            <control type="image">
                                <width>700</width>
                                <height>100%</height>
                                <texture colordiffuse="$VAR[ColorHighlight]">common/white.png</texture>
                            </control>
                            <control type="image">
                                <left>25</left>
                                <centertop>50%</centertop>
                                <height>32</height>
                                <width>32</width>
                                <texture colordiffuse="Selected">indicator/playwhite.png</texture>
                                <visible>!String.IsEmpty(ListItem.Property(IsPlaying))</visible>
                            </control>
                            <control type="label">
                                <left>30</left>
                                <right>30</right>
                                <height>100%</height>
                                <aligny>center</aligny>
                                <align>left</align>
                                <font>SmallNavi</font>
                                <textcolor>Selected</textcolor>
                                <label>$INFO[ListItem.Label]</label>
                                <selectedcolor>Selected</selectedcolor>
                                <visible>String.IsEmpty(ListItem.Property(IsPlaying))</visible>
                            </control>
                            <control type="label">
                                <left>70</left>
                                <right>30</right>
                                <height>100%</height>
                                <aligny>center</aligny>
                                <align>left</align>
                                <font>SmallNavi</font>
                                <textcolor>Selected</textcolor>
                                <label>$INFO[ListItem.Label]</label>
                                <selectedcolor>Selected</selectedcolor>
                                <visible>!String.IsEmpty(ListItem.Property(IsPlaying))</visible>
                            </control>
                            <control type="label">
                                <left>30</left>
                                <right>30</right>
                                <height>100%</height>
                                <aligny>center</aligny>
                                <align>right</align>
                                <font>SmallNavi</font>
                                <textcolor>Selected</textcolor>
                                <label>$INFO[ListItem.Label2]</label>
                                <selectedcolor>Selected</selectedcolor>
                            </control>
                        </control>
                        <control type="image">
                            <width>803</width>
                            <height>1</height>
                            <left>-45</left>
                            <top>0</top>
                            <texture colordiffuse="Dark1">common/line1.png</texture>
                            <animation effect="fade" start="100" end="10" condition="true">Conditional</animation>
                        </control>
                    </focusedlayout>
                    <content>
                        <item id="1">
                            <label>$INFO[MusicPlayer.offset(1).TrackNumber,,. ]$INFO[MusicPlayer.offset(1).Title]$INFO[MusicPlayer.offset(1).Artist, - ,]</label>
                            <label2>$INFO[MusicPlayer.offset(1).Duration]</label2>
                            <property name="TrackNumber">$INFO[MusicPlayer.offset(1).PlaylistPosition]</property>
                            <onclick>Playlist.PlayOffset(1)</onclick>
                            <visible>MusicPlayer.offset(1).Exists</visible>
                        </item>
                        <item id="2">
                            <label>$INFO[MusicPlayer.offset(2).TrackNumber,,. ]$INFO[MusicPlayer.offset(2).Title]$INFO[MusicPlayer.offset(2).Artist, - ,]</label>
                            <label2>$INFO[MusicPlayer.offset(2).Duration]</label2>
                            <property name="TrackNumber">$INFO[MusicPlayer.offset(2).PlaylistPosition]</property>
                            <onclick>Playlist.PlayOffset(2)</onclick>
                            <visible>MusicPlayer.offset(2).Exists</visible>
                        </item>
                        <item id="3">
                            <label>$INFO[MusicPlayer.offset(3).TrackNumber,,. ]$INFO[MusicPlayer.offset(3).Title]$INFO[MusicPlayer.offset(3).Artist, - ,]</label>
                            <label2>$INFO[MusicPlayer.offset(3).Duration]</label2>
                            <property name="TrackNumber">$INFO[MusicPlayer.offset(3).PlaylistPosition]</property>
                            <onclick>Playlist.PlayOffset(3)</onclick>
                            <visible>MusicPlayer.offset(3).Exists</visible>
                        </item>
                        <item id="4">
                            <label>$INFO[MusicPlayer.offset(4).TrackNumber,,. ]$INFO[MusicPlayer.offset(4).Title]$INFO[MusicPlayer.offset(4).Artist, - ,]</label>
                            <label2>$INFO[MusicPlayer.offset(4).Duration]</label2>
                            <property name="TrackNumber">$INFO[MusicPlayer.offset(4).PlaylistPosition]</property>
                            <onclick>Playlist.PlayOffset(4)</onclick>
                            <visible>MusicPlayer.offset(4).Exists</visible>
                        </item>
                        <item id="5">
                            <label>$INFO[MusicPlayer.offset(5).TrackNumber,,. ]$INFO[MusicPlayer.offset(5).Title]$INFO[MusicPlayer.offset(5).Artist, - ,]</label>
                            <label2>$INFO[MusicPlayer.offset(5).Duration]</label2>
                            <property name="TrackNumber">$INFO[MusicPlayer.offset(5).PlaylistPosition]</property>
                            <onclick>Playlist.PlayOffset(5)</onclick>
                            <visible>MusicPlayer.offset(5).Exists</visible>
                        </item>
                        <item id="6">
                            <label>$INFO[MusicPlayer.offset(6).TrackNumber,,. ]$INFO[MusicPlayer.offset(6).Title]$INFO[MusicPlayer.offset(6).Artist, - ,]</label>
                            <label2>$INFO[MusicPlayer.offset(6).Duration]</label2>
                            <property name="TrackNumber">$INFO[MusicPlayer.offset(6).PlaylistPosition]</property>
                            <onclick>Playlist.PlayOffset(6)</onclick>
                            <visible>MusicPlayer.offset(6).Exists</visible>
                        </item>
                        <item id="7">
                            <label>$INFO[MusicPlayer.offset(7).TrackNumber,,. ]$INFO[MusicPlayer.offset(7).Title]$INFO[MusicPlayer.offset(7).Artist, - ,]</label>
                            <label2>$INFO[MusicPlayer.offset(7).Duration]</label2>
                            <property name="TrackNumber">$INFO[MusicPlayer.offset(7).PlaylistPosition]</property>
                            <onclick>Playlist.PlayOffset(7)</onclick>
                            <visible>MusicPlayer.offset(7).Exists</visible>
                        </item>
                        <item id="8">
                            <label>$INFO[MusicPlayer.offset(8).TrackNumber,,. ]$INFO[MusicPlayer.offset(8).Title]$INFO[MusicPlayer.offset(8).Artist, - ,]</label>
                            <label2>$INFO[MusicPlayer.offset(8).Duration]</label2>
                            <property name="TrackNumber">$INFO[MusicPlayer.offset(8).PlaylistPosition]</property>
                            <onclick>Playlist.PlayOffset(8)</onclick>
                            <visible>MusicPlayer.offset(8).Exists</visible>
                        </item>
                        <item id="9">
                            <label>$INFO[MusicPlayer.offset(9).TrackNumber,,. ]$INFO[MusicPlayer.offset(9).Title]$INFO[MusicPlayer.offset(9).Artist, - ,]</label>
                            <label2>$INFO[MusicPlayer.offset(9).Duration]</label2>
                            <property name="TrackNumber">$INFO[MusicPlayer.offset(9).PlaylistPosition]</property>
                            <onclick>Playlist.PlayOffset(9)</onclick>
                            <visible>MusicPlayer.offset(9).Exists</visible>
                        </item>
                        <item id="10">
                            <label>$INFO[MusicPlayer.offset(10).TrackNumber,,. ]$INFO[MusicPlayer.offset(10).Title]$INFO[MusicPlayer.offset(10).Artist, - ,]</label>
                            <label2>$INFO[MusicPlayer.offset(10).Duration]</label2>
                            <property name="TrackNumber">$INFO[MusicPlayer.offset(10).PlaylistPosition]</property>
                            <onclick>Playlist.PlayOffset(10)</onclick>
                            <visible>MusicPlayer.offset(10).Exists</visible>
                        </item>
                        <item id="11">
                            <label>$INFO[MusicPlayer.offset(11).TrackNumber,,. ]$INFO[MusicPlayer.offset(11).Title]$INFO[MusicPlayer.offset(11).Artist, - ,]</label>
                            <label2>$INFO[MusicPlayer.offset(11).Duration]</label2>
                            <property name="TrackNumber">$INFO[MusicPlayer.offset(11).PlaylistPosition]</property>
                            <onclick>Playlist.PlayOffset(11)</onclick>
                            <visible>MusicPlayer.offset(11).Exists</visible>
                        </item>
                        <item id="12">
                            <label>$INFO[MusicPlayer.offset(12).TrackNumber,,. ]$INFO[MusicPlayer.offset(12).Title]$INFO[MusicPlayer.offset(12).Artist, - ,]</label>
                            <label2>$INFO[MusicPlayer.offset(12).Duration]</label2>
                            <property name="TrackNumber">$INFO[MusicPlayer.offset(12).PlaylistPosition]</property>
                            <onclick>Playlist.PlayOffset(12)</onclick>
                            <visible>MusicPlayer.offset(12).Exists</visible>
                        </item>
                        <item id="13">
                            <label>$INFO[MusicPlayer.offset(13).TrackNumber,,. ]$INFO[MusicPlayer.offset(13).Title]$INFO[MusicPlayer.offset(13).Artist, - ,]</label>
                            <label2>$INFO[MusicPlayer.offset(13).Duration]</label2>
                            <property name="TrackNumber">$INFO[MusicPlayer.offset(13).PlaylistPosition]</property>
                            <onclick>Playlist.PlayOffset(13)</onclick>
                            <visible>MusicPlayer.offset(13).Exists</visible>
                        </item>
                        <item id="14">
                            <label>$INFO[MusicPlayer.offset(14).TrackNumber,,. ]$INFO[MusicPlayer.offset(14).Title]$INFO[MusicPlayer.offset(14).Artist, - ,]</label>
                            <label2>$INFO[MusicPlayer.offset(14).Duration]</label2>
                            <property name="TrackNumber">$INFO[MusicPlayer.offset(14).PlaylistPosition]</property>
                            <onclick>Playlist.PlayOffset(14)</onclick>
                            <visible>MusicPlayer.offset(14).Exists</visible>
                        </item>
                        <item id="15">
                            <label>$INFO[MusicPlayer.offset(15).TrackNumber,,. ]$INFO[MusicPlayer.offset(15).Title]$INFO[MusicPlayer.offset(15).Artist, - ,]</label>
                            <label2>$INFO[MusicPlayer.offset(15).Duration]</label2>
                            <property name="TrackNumber">$INFO[MusicPlayer.offset(15).PlaylistPosition]</property>
                            <onclick>Playlist.PlayOffset(15)</onclick>
                            <visible>MusicPlayer.offset(15).Exists</visible>
                        </item>
                        <item id="16">
                            <label>$INFO[MusicPlayer.offset(16).TrackNumber,,. ]$INFO[MusicPlayer.offset(16).Title]$INFO[MusicPlayer.offset(16).Artist, - ,]</label>
                            <label2>$INFO[MusicPlayer.offset(16).Duration]</label2>
                            <property name="TrackNumber">$INFO[MusicPlayer.offset(16).PlaylistPosition]</property>
                            <onclick>Playlist.PlayOffset(16)</onclick>
                            <visible>MusicPlayer.offset(16).Exists</visible>
                        </item>
                        <item id="17">
                            <label>$INFO[MusicPlayer.offset(17).TrackNumber,,. ]$INFO[MusicPlayer.offset(17).Title]$INFO[MusicPlayer.offset(17).Artist, - ,]</label>
                            <label2>$INFO[MusicPlayer.offset(17).Duration]</label2>
                            <property name="TrackNumber">$INFO[MusicPlayer.offset(17).PlaylistPosition]</property>
                            <onclick>Playlist.PlayOffset(17)</onclick>
                            <visible>MusicPlayer.offset(17).Exists</visible>
                        </item>
                        <item id="18">
                            <label>$INFO[MusicPlayer.offset(18).TrackNumber,,. ]$INFO[MusicPlayer.offset(18).Title]$INFO[MusicPlayer.offset(18).Artist, - ,]</label>
                            <label2>$INFO[MusicPlayer.offset(18).Duration]</label2>
                            <property name="TrackNumber">$INFO[MusicPlayer.offset(18).PlaylistPosition]</property>
                            <onclick>Playlist.PlayOffset(18)</onclick>
                            <visible>MusicPlayer.offset(18).Exists</visible>
                        </item>
                        <item id="19">
                            <label>$INFO[MusicPlayer.offset(19).TrackNumber,,. ]$INFO[MusicPlayer.offset(19).Title]$INFO[MusicPlayer.offset(19).Artist, - ,]</label>
                            <label2>$INFO[MusicPlayer.offset(19).Duration]</label2>
                            <property name="TrackNumber">$INFO[MusicPlayer.offset(19).PlaylistPosition]</property>
                            <onclick>Playlist.PlayOffset(19)</onclick>
                            <visible>MusicPlayer.offset(19).Exists</visible>
                        </item>
                        <item id="20">
                            <label>$INFO[MusicPlayer.offset(20).TrackNumber,,. ]$INFO[MusicPlayer.offset(20).Title]$INFO[MusicPlayer.offset(20).Artist, - ,]</label>
                            <label2>$INFO[MusicPlayer.offset(20).Duration]</label2>
                            <property name="TrackNumber">$INFO[MusicPlayer.offset(20).PlaylistPosition]</property>
                            <onclick>Playlist.PlayOffset(20)</onclick>
                            <visible>MusicPlayer.offset(20).Exists</visible>
                        </item>
                        <item id="21">
                            <label>$INFO[MusicPlayer.offset(21).TrackNumber,,. ]$INFO[MusicPlayer.offset(21).Title]$INFO[MusicPlayer.offset(21).Artist, - ,]</label>
                            <label2>$INFO[MusicPlayer.offset(21).Duration]</label2>
                            <property name="TrackNumber">$INFO[MusicPlayer.offset(21).PlaylistPosition]</property>
                            <onclick>Playlist.PlayOffset(21)</onclick>
                            <visible>MusicPlayer.offset(21).Exists</visible>
                        </item>
                        <item id="22">
                            <label>$INFO[MusicPlayer.offset(22).TrackNumber,,. ]$INFO[MusicPlayer.offset(22).Title]$INFO[MusicPlayer.offset(22).Artist, - ,]</label>
                            <label2>$INFO[MusicPlayer.offset(22).Duration]</label2>
                            <property name="TrackNumber">$INFO[MusicPlayer.offset(22).PlaylistPosition]</property>
                            <onclick>Playlist.PlayOffset(22)</onclick>
                            <visible>MusicPlayer.offset(22).Exists</visible>
                        </item>
                        <item id="23">
                            <label>$INFO[MusicPlayer.offset(23).TrackNumber,,. ]$INFO[MusicPlayer.offset(23).Title]$INFO[MusicPlayer.offset(23).Artist, - ,]</label>
                            <label2>$INFO[MusicPlayer.offset(23).Duration]</label2>
                            <property name="TrackNumber">$INFO[MusicPlayer.offset(23).PlaylistPosition]</property>
                            <onclick>Playlist.PlayOffset(23)</onclick>
                            <visible>MusicPlayer.offset(23).Exists</visible>
                        </item>
                        <item id="24">
                            <label>$INFO[MusicPlayer.offset(24).TrackNumber,,. ]$INFO[MusicPlayer.offset(24).Title]$INFO[MusicPlayer.offset(24).Artist, - ,]</label>
                            <label2>$INFO[MusicPlayer.offset(24).Duration]</label2>
                            <property name="TrackNumber">$INFO[MusicPlayer.offset(24).PlaylistPosition]</property>
                            <onclick>Playlist.PlayOffset(24)</onclick>
                            <visible>MusicPlayer.offset(24).Exists</visible>
                        </item>
                        <item id="25">
                            <label>$INFO[MusicPlayer.offset(25).TrackNumber,,. ]$INFO[MusicPlayer.offset(25).Title]$INFO[MusicPlayer.offset(25).Artist, - ,]</label>
                            <label2>$INFO[MusicPlayer.offset(25).Duration]</label2>
                            <property name="TrackNumber">$INFO[MusicPlayer.offset(25).PlaylistPosition]</property>
                            <onclick>Playlist.PlayOffset(25)</onclick>
                            <visible>MusicPlayer.offset(25).Exists</visible>
                        </item>
                        <item id="26">
                            <label>$INFO[MusicPlayer.offset(26).TrackNumber,,. ]$INFO[MusicPlayer.offset(26).Title]$INFO[MusicPlayer.offset(26).Artist, - ,]</label>
                            <label2>$INFO[MusicPlayer.offset(26).Duration]</label2>
                            <property name="TrackNumber">$INFO[MusicPlayer.offset(26).PlaylistPosition]</property>
                            <onclick>Playlist.PlayOffset(26)</onclick>
                            <visible>MusicPlayer.offset(26).Exists</visible>
                        </item>
                        <item id="27">
                            <label>$INFO[MusicPlayer.offset(27).TrackNumber,,. ]$INFO[MusicPlayer.offset(27).Title]$INFO[MusicPlayer.offset(27).Artist, - ,]</label>
                            <label2>$INFO[MusicPlayer.offset(27).Duration]</label2>
                            <property name="TrackNumber">$INFO[MusicPlayer.offset(27).PlaylistPosition]</property>
                            <onclick>Playlist.PlayOffset(27)</onclick>
                            <visible>MusicPlayer.offset(27).Exists</visible>
                        </item>
                        <item id="28">
                            <label>$INFO[MusicPlayer.offset(28).TrackNumber,,. ]$INFO[MusicPlayer.offset(28).Title]$INFO[MusicPlayer.offset(28).Artist, - ,]</label>
                            <label2>$INFO[MusicPlayer.offset(28).Duration]</label2>
                            <property name="TrackNumber">$INFO[MusicPlayer.offset(28).PlaylistPosition]</property>
                            <onclick>Playlist.PlayOffset(28)</onclick>
                            <visible>MusicPlayer.offset(28).Exists</visible>
                        </item>
                        <item id="29">
                            <label>$INFO[MusicPlayer.offset(29).TrackNumber,,. ]$INFO[MusicPlayer.offset(29).Title]$INFO[MusicPlayer.offset(29).Artist, - ,]</label>
                            <label2>$INFO[MusicPlayer.offset(29).Duration]</label2>
                            <property name="TrackNumber">$INFO[MusicPlayer.offset(29).PlaylistPosition]</property>
                            <onclick>Playlist.PlayOffset(29)</onclick>
                            <visible>MusicPlayer.offset(29).Exists</visible>
                        </item>
                        <item id="30">
                            <label>$INFO[MusicPlayer.offset(30).TrackNumber,,. ]$INFO[MusicPlayer.offset(30).Title]$INFO[MusicPlayer.offset(30).Artist, - ,]</label>
                            <label2>$INFO[MusicPlayer.offset(30).Duration]</label2>
                            <property name="TrackNumber">$INFO[MusicPlayer.offset(30).PlaylistPosition]</property>
                            <onclick>Playlist.PlayOffset(30)</onclick>
                            <visible>MusicPlayer.offset(30).Exists</visible>
                        </item>
                        <item id="31">
                            <label>$INFO[MusicPlayer.offset(31).TrackNumber,,. ]$INFO[MusicPlayer.offset(31).Title]$INFO[MusicPlayer.offset(31).Artist, - ,]</label>
                            <label2>$INFO[MusicPlayer.offset(31).Duration]</label2>
                            <property name="TrackNumber">$INFO[MusicPlayer.offset(31).PlaylistPosition]</property>
                            <onclick>Playlist.PlayOffset(31)</onclick>
                            <visible>MusicPlayer.offset(31).Exists</visible>
                        </item>
                        <item id="32">
                            <label>$INFO[MusicPlayer.offset(32).TrackNumber,,. ]$INFO[MusicPlayer.offset(32).Title]$INFO[MusicPlayer.offset(32).Artist, - ,]</label>
                            <label2>$INFO[MusicPlayer.offset(32).Duration]</label2>
                            <property name="TrackNumber">$INFO[MusicPlayer.offset(32).PlaylistPosition]</property>
                            <onclick>Playlist.PlayOffset(32)</onclick>
                            <visible>MusicPlayer.offset(32).Exists</visible>
                        </item>
                        <item id="33">
                            <label>$INFO[MusicPlayer.offset(33).TrackNumber,,. ]$INFO[MusicPlayer.offset(33).Title]$INFO[MusicPlayer.offset(33).Artist, - ,]</label>
                            <label2>$INFO[MusicPlayer.offset(33).Duration]</label2>
                            <property name="TrackNumber">$INFO[MusicPlayer.offset(33).PlaylistPosition]</property>
                            <onclick>Playlist.PlayOffset(33)</onclick>
                            <visible>MusicPlayer.offset(33).Exists</visible>
                        </item>
                        <item id="34">
                            <label>$INFO[MusicPlayer.offset(34).TrackNumber,,. ]$INFO[MusicPlayer.offset(34).Title]$INFO[MusicPlayer.offset(34).Artist, - ,]</label>
                            <label2>$INFO[MusicPlayer.offset(34).Duration]</label2>
                            <property name="TrackNumber">$INFO[MusicPlayer.offset(34).PlaylistPosition]</property>
                            <onclick>Playlist.PlayOffset(34)</onclick>
                            <visible>MusicPlayer.offset(34).Exists</visible>
                        </item>
                        <item id="35">
                            <label>$INFO[MusicPlayer.offset(35).TrackNumber,,. ]$INFO[MusicPlayer.offset(35).Title]$INFO[MusicPlayer.offset(35).Artist, - ,]</label>
                            <label2>$INFO[MusicPlayer.offset(35).Duration]</label2>
                            <property name="TrackNumber">$INFO[MusicPlayer.offset(35).PlaylistPosition]</property>
                            <onclick>Playlist.PlayOffset(35)</onclick>
                            <visible>MusicPlayer.offset(35).Exists</visible>
                        </item>
                        <item id="36">
                            <label>$INFO[MusicPlayer.offset(36).TrackNumber,,. ]$INFO[MusicPlayer.offset(36).Title]$INFO[MusicPlayer.offset(36).Artist, - ,]</label>
                            <label2>$INFO[MusicPlayer.offset(36).Duration]</label2>
                            <property name="TrackNumber">$INFO[MusicPlayer.offset(36).PlaylistPosition]</property>
                            <onclick>Playlist.PlayOffset(36)</onclick>
                            <visible>MusicPlayer.offset(36).Exists</visible>
                        </item>
                        <item id="37">
                            <label>$INFO[MusicPlayer.offset(37).TrackNumber,,. ]$INFO[MusicPlayer.offset(37).Title]$INFO[MusicPlayer.offset(37).Artist, - ,]</label>
                            <label2>$INFO[MusicPlayer.offset(37).Duration]</label2>
                            <property name="TrackNumber">$INFO[MusicPlayer.offset(37).PlaylistPosition]</property>
                            <onclick>Playlist.PlayOffset(37)</onclick>
                            <visible>MusicPlayer.offset(37).Exists</visible>
                        </item>
                        <item id="38">
                            <label>$INFO[MusicPlayer.offset(38).TrackNumber,,. ]$INFO[MusicPlayer.offset(38).Title]$INFO[MusicPlayer.offset(38).Artist, - ,]</label>
                            <label2>$INFO[MusicPlayer.offset(38).Duration]</label2>
                            <property name="TrackNumber">$INFO[MusicPlayer.offset(38).PlaylistPosition]</property>
                            <onclick>Playlist.PlayOffset(38)</onclick>
                            <visible>MusicPlayer.offset(38).Exists</visible>
                        </item>
                        <item id="39">
                            <label>$INFO[MusicPlayer.offset(39).TrackNumber,,. ]$INFO[MusicPlayer.offset(39).Title]$INFO[MusicPlayer.offset(39).Artist, - ,]</label>
                            <label2>$INFO[MusicPlayer.offset(39).Duration]</label2>
                            <property name="TrackNumber">$INFO[MusicPlayer.offset(39).PlaylistPosition]</property>
                            <onclick>Playlist.PlayOffset(39)</onclick>
                            <visible>MusicPlayer.offset(39).Exists</visible>
                        </item>
                        <item id="40">
                            <label>$INFO[MusicPlayer.offset(40).TrackNumber,,. ]$INFO[MusicPlayer.offset(40).Title]$INFO[MusicPlayer.offset(40).Artist, - ,]</label>
                            <label2>$INFO[MusicPlayer.offset(40).Duration]</label2>
                            <property name="TrackNumber">$INFO[MusicPlayer.offset(40).PlaylistPosition]</property>
                            <onclick>Playlist.PlayOffset(40)</onclick>
                            <visible>MusicPlayer.offset(40).Exists</visible>
                        </item>
                        <item id="41">
                            <label>$INFO[MusicPlayer.offset(41).TrackNumber,,. ]$INFO[MusicPlayer.offset(41).Title]$INFO[MusicPlayer.offset(41).Artist, - ,]</label>
                            <label2>$INFO[MusicPlayer.offset(41).Duration]</label2>
                            <property name="TrackNumber">$INFO[MusicPlayer.offset(41).PlaylistPosition]</property>
                            <onclick>Playlist.PlayOffset(41)</onclick>
                            <visible>MusicPlayer.offset(41).Exists</visible>
                        </item>
                        <item id="42">
                            <label>$INFO[MusicPlayer.offset(42).TrackNumber,,. ]$INFO[MusicPlayer.offset(42).Title]$INFO[MusicPlayer.offset(42).Artist, - ,]</label>
                            <label2>$INFO[MusicPlayer.offset(42).Duration]</label2>
                            <property name="TrackNumber">$INFO[MusicPlayer.offset(42).PlaylistPosition]</property>
                            <onclick>Playlist.PlayOffset(42)</onclick>
                            <visible>MusicPlayer.offset(42).Exists</visible>
                        </item>
                        <item id="43">
                            <label>$INFO[MusicPlayer.offset(43).TrackNumber,,. ]$INFO[MusicPlayer.offset(43).Title]$INFO[MusicPlayer.offset(43).Artist, - ,]</label>
                            <label2>$INFO[MusicPlayer.offset(43).Duration]</label2>
                            <property name="TrackNumber">$INFO[MusicPlayer.offset(43).PlaylistPosition]</property>
                            <onclick>Playlist.PlayOffset(43)</onclick>
                            <visible>MusicPlayer.offset(43).Exists</visible>
                        </item>
                        <item id="44">
                            <label>$INFO[MusicPlayer.offset(44).TrackNumber,,. ]$INFO[MusicPlayer.offset(44).Title]$INFO[MusicPlayer.offset(44).Artist, - ,]</label>
                            <label2>$INFO[MusicPlayer.offset(44).Duration]</label2>
                            <property name="TrackNumber">$INFO[MusicPlayer.offset(44).PlaylistPosition]</property>
                            <onclick>Playlist.PlayOffset(44)</onclick>
                            <visible>MusicPlayer.offset(44).Exists</visible>
                        </item>
                        <item id="45">
                            <label>$INFO[MusicPlayer.offset(45).TrackNumber,,. ]$INFO[MusicPlayer.offset(45).Title]$INFO[MusicPlayer.offset(45).Artist, - ,]</label>
                            <label2>$INFO[MusicPlayer.offset(45).Duration]</label2>
                            <property name="TrackNumber">$INFO[MusicPlayer.offset(45).PlaylistPosition]</property>
                            <onclick>Playlist.PlayOffset(45)</onclick>
                            <visible>MusicPlayer.offset(45).Exists</visible>
                        </item>
                        <item id="46">
                            <label>$INFO[MusicPlayer.offset(46).TrackNumber,,. ]$INFO[MusicPlayer.offset(46).Title]$INFO[MusicPlayer.offset(46).Artist, - ,]</label>
                            <label2>$INFO[MusicPlayer.offset(46).Duration]</label2>
                            <property name="TrackNumber">$INFO[MusicPlayer.offset(46).PlaylistPosition]</property>
                            <onclick>Playlist.PlayOffset(46)</onclick>
                            <visible>MusicPlayer.offset(46).Exists</visible>
                        </item>
                        <item id="47">
                            <label>$INFO[MusicPlayer.offset(47).TrackNumber,,. ]$INFO[MusicPlayer.offset(47).Title]$INFO[MusicPlayer.offset(47).Artist, - ,]</label>
                            <label2>$INFO[MusicPlayer.offset(47).Duration]</label2>
                            <property name="TrackNumber">$INFO[MusicPlayer.offset(47).PlaylistPosition]</property>
                            <onclick>Playlist.PlayOffset(47)</onclick>
                            <visible>MusicPlayer.offset(47).Exists</visible>
                        </item>
                        <item id="48">
                            <label>$INFO[MusicPlayer.offset(48).TrackNumber,,. ]$INFO[MusicPlayer.offset(48).Title]$INFO[MusicPlayer.offset(48).Artist, - ,]</label>
                            <label2>$INFO[MusicPlayer.offset(48).Duration]</label2>
                            <property name="TrackNumber">$INFO[MusicPlayer.offset(48).PlaylistPosition]</property>
                            <onclick>Playlist.PlayOffset(48)</onclick>
                            <visible>MusicPlayer.offset(48).Exists</visible>
                        </item>
                        <item id="49">
                            <label>$INFO[MusicPlayer.offset(49).TrackNumber,,. ]$INFO[MusicPlayer.offset(49).Title]$INFO[MusicPlayer.offset(49).Artist, - ,]</label>
                            <label2>$INFO[MusicPlayer.offset(49).Duration]</label2>
                            <property name="TrackNumber">$INFO[MusicPlayer.offset(49).PlaylistPosition]</property>
                            <onclick>Playlist.PlayOffset(49)</onclick>
                            <visible>MusicPlayer.offset(49).Exists</visible>
                        </item>
                        <item id="50">
                            <label>$INFO[MusicPlayer.offset(50).TrackNumber,,. ]$INFO[MusicPlayer.offset(50).Title]$INFO[MusicPlayer.offset(50).Artist, - ,]</label>
                            <label2>$INFO[MusicPlayer.offset(50).Duration]</label2>
                            <property name="TrackNumber">$INFO[MusicPlayer.offset(50).PlaylistPosition]</property>
                            <onclick>Playlist.PlayOffset(50)</onclick>
                            <visible>MusicPlayer.offset(50).Exists</visible>
                        </item>
                        <item id="51">
                            <label>$INFO[MusicPlayer.offset(51).TrackNumber,,. ]$INFO[MusicPlayer.offset(51).Title]$INFO[MusicPlayer.offset(51).Artist, - ,]</label>
                            <label2>$INFO[MusicPlayer.offset(51).Duration]</label2>
                            <property name="TrackNumber">$INFO[MusicPlayer.offset(51).PlaylistPosition]</property>
                            <onclick>Playlist.PlayOffset(51)</onclick>
                            <visible>MusicPlayer.offset(51).Exists</visible>
                        </item>
                        <item id="52">
                            <label>$INFO[MusicPlayer.offset(52).TrackNumber,,. ]$INFO[MusicPlayer.offset(52).Title]$INFO[MusicPlayer.offset(52).Artist, - ,]</label>
                            <label2>$INFO[MusicPlayer.offset(52).Duration]</label2>
                            <property name="TrackNumber">$INFO[MusicPlayer.offset(52).PlaylistPosition]</property>
                            <onclick>Playlist.PlayOffset(52)</onclick>
                            <visible>MusicPlayer.offset(52).Exists</visible>
                        </item>
                        <item id="53">
                            <label>$INFO[MusicPlayer.offset(53).TrackNumber,,. ]$INFO[MusicPlayer.offset(53).Title]$INFO[MusicPlayer.offset(53).Artist, - ,]</label>
                            <label2>$INFO[MusicPlayer.offset(53).Duration]</label2>
                            <property name="TrackNumber">$INFO[MusicPlayer.offset(53).PlaylistPosition]</property>
                            <onclick>Playlist.PlayOffset(53)</onclick>
                            <visible>MusicPlayer.offset(53).Exists</visible>
                        </item>
                        <item id="54">
                            <label>$INFO[MusicPlayer.offset(54).TrackNumber,,. ]$INFO[MusicPlayer.offset(54).Title]$INFO[MusicPlayer.offset(54).Artist, - ,]</label>
                            <label2>$INFO[MusicPlayer.offset(54).Duration]</label2>
                            <property name="TrackNumber">$INFO[MusicPlayer.offset(54).PlaylistPosition]</property>
                            <onclick>Playlist.PlayOffset(54)</onclick>
                            <visible>MusicPlayer.offset(54).Exists</visible>
                        </item>
                        <item id="55">
                            <label>$INFO[MusicPlayer.offset(55).TrackNumber,,. ]$INFO[MusicPlayer.offset(55).Title]$INFO[MusicPlayer.offset(55).Artist, - ,]</label>
                            <label2>$INFO[MusicPlayer.offset(55).Duration]</label2>
                            <property name="TrackNumber">$INFO[MusicPlayer.offset(55).PlaylistPosition]</property>
                            <onclick>Playlist.PlayOffset(55)</onclick>
                            <visible>MusicPlayer.offset(55).Exists</visible>
                        </item>
                        <item id="56">
                            <label>$INFO[MusicPlayer.offset(56).TrackNumber,,. ]$INFO[MusicPlayer.offset(56).Title]$INFO[MusicPlayer.offset(56).Artist, - ,]</label>
                            <label2>$INFO[MusicPlayer.offset(56).Duration]</label2>
                            <property name="TrackNumber">$INFO[MusicPlayer.offset(56).PlaylistPosition]</property>
                            <onclick>Playlist.PlayOffset(56)</onclick>
                            <visible>MusicPlayer.offset(56).Exists</visible>
                        </item>
                        <item id="57">
                            <label>$INFO[MusicPlayer.offset(57).TrackNumber,,. ]$INFO[MusicPlayer.offset(57).Title]$INFO[MusicPlayer.offset(57).Artist, - ,]</label>
                            <label2>$INFO[MusicPlayer.offset(57).Duration]</label2>
                            <property name="TrackNumber">$INFO[MusicPlayer.offset(57).PlaylistPosition]</property>
                            <onclick>Playlist.PlayOffset(57)</onclick>
                            <visible>MusicPlayer.offset(57).Exists</visible>
                        </item>
                        <item id="58">
                            <label>$INFO[MusicPlayer.offset(58).TrackNumber,,. ]$INFO[MusicPlayer.offset(58).Title]$INFO[MusicPlayer.offset(58).Artist, - ,]</label>
                            <label2>$INFO[MusicPlayer.offset(58).Duration]</label2>
                            <property name="TrackNumber">$INFO[MusicPlayer.offset(58).PlaylistPosition]</property>
                            <onclick>Playlist.PlayOffset(58)</onclick>
                            <visible>MusicPlayer.offset(58).Exists</visible>
                        </item>
                        <item id="59">
                            <label>$INFO[MusicPlayer.offset(59).TrackNumber,,. ]$INFO[MusicPlayer.offset(59).Title]$INFO[MusicPlayer.offset(59).Artist, - ,]</label>
                            <label2>$INFO[MusicPlayer.offset(59).Duration]</label2>
                            <property name="TrackNumber">$INFO[MusicPlayer.offset(59).PlaylistPosition]</property>
                            <onclick>Playlist.PlayOffset(59)</onclick>
                            <visible>MusicPlayer.offset(59).Exists</visible>
                        </item>
                        <item id="60">
                            <label>$INFO[MusicPlayer.offset(60).TrackNumber,,. ]$INFO[MusicPlayer.offset(60).Title]$INFO[MusicPlayer.offset(60).Artist, - ,]</label>
                            <label2>$INFO[MusicPlayer.offset(60).Duration]</label2>
                            <property name="TrackNumber">$INFO[MusicPlayer.offset(60).PlaylistPosition]</property>
                            <onclick>Playlist.PlayOffset(60)</onclick>
                            <visible>MusicPlayer.offset(60).Exists</visible>
                        </item>
                        <item id="61">
                            <label>$INFO[MusicPlayer.offset(61).TrackNumber,,. ]$INFO[MusicPlayer.offset(61).Title]$INFO[MusicPlayer.offset(61).Artist, - ,]</label>
                            <label2>$INFO[MusicPlayer.offset(61).Duration]</label2>
                            <property name="TrackNumber">$INFO[MusicPlayer.offset(61).PlaylistPosition]</property>
                            <onclick>Playlist.PlayOffset(61)</onclick>
                            <visible>MusicPlayer.offset(61).Exists</visible>
                        </item>
                        <item id="62">
                            <label>$INFO[MusicPlayer.offset(62).TrackNumber,,. ]$INFO[MusicPlayer.offset(62).Title]$INFO[MusicPlayer.offset(62).Artist, - ,]</label>
                            <label2>$INFO[MusicPlayer.offset(62).Duration]</label2>
                            <property name="TrackNumber">$INFO[MusicPlayer.offset(62).PlaylistPosition]</property>
                            <onclick>Playlist.PlayOffset(62)</onclick>
                            <visible>MusicPlayer.offset(62).Exists</visible>
                        </item>
                        <item id="63">
                            <label>$INFO[MusicPlayer.offset(63).TrackNumber,,. ]$INFO[MusicPlayer.offset(63).Title]$INFO[MusicPlayer.offset(63).Artist, - ,]</label>
                            <label2>$INFO[MusicPlayer.offset(63).Duration]</label2>
                            <property name="TrackNumber">$INFO[MusicPlayer.offset(63).PlaylistPosition]</property>
                            <onclick>Playlist.PlayOffset(63)</onclick>
                            <visible>MusicPlayer.offset(63).Exists</visible>
                        </item>
                        <item id="64">
                            <label>$INFO[MusicPlayer.offset(64).TrackNumber,,. ]$INFO[MusicPlayer.offset(64).Title]$INFO[MusicPlayer.offset(64).Artist, - ,]</label>
                            <label2>$INFO[MusicPlayer.offset(64).Duration]</label2>
                            <property name="TrackNumber">$INFO[MusicPlayer.offset(64).PlaylistPosition]</property>
                            <onclick>Playlist.PlayOffset(64)</onclick>
                            <visible>MusicPlayer.offset(64).Exists</visible>
                        </item>
                        <item id="65">
                            <label>$INFO[MusicPlayer.offset(65).TrackNumber,,. ]$INFO[MusicPlayer.offset(65).Title]$INFO[MusicPlayer.offset(65).Artist, - ,]</label>
                            <label2>$INFO[MusicPlayer.offset(65).Duration]</label2>
                            <property name="TrackNumber">$INFO[MusicPlayer.offset(65).PlaylistPosition]</property>
                            <onclick>Playlist.PlayOffset(65)</onclick>
                            <visible>MusicPlayer.offset(65).Exists</visible>
                        </item>
                        <item id="66">
                            <label>$INFO[MusicPlayer.offset(66).TrackNumber,,. ]$INFO[MusicPlayer.offset(66).Title]$INFO[MusicPlayer.offset(66).Artist, - ,]</label>
                            <label2>$INFO[MusicPlayer.offset(66).Duration]</label2>
                            <property name="TrackNumber">$INFO[MusicPlayer.offset(66).PlaylistPosition]</property>
                            <onclick>Playlist.PlayOffset(66)</onclick>
                            <visible>MusicPlayer.offset(66).Exists</visible>
                        </item>
                        <item id="67">
                            <label>$INFO[MusicPlayer.offset(67).TrackNumber,,. ]$INFO[MusicPlayer.offset(67).Title]$INFO[MusicPlayer.offset(67).Artist, - ,]</label>
                            <label2>$INFO[MusicPlayer.offset(67).Duration]</label2>
                            <property name="TrackNumber">$INFO[MusicPlayer.offset(67).PlaylistPosition]</property>
                            <onclick>Playlist.PlayOffset(67)</onclick>
                            <visible>MusicPlayer.offset(67).Exists</visible>
                        </item>
                        <item id="68">
                            <label>$INFO[MusicPlayer.offset(68).TrackNumber,,. ]$INFO[MusicPlayer.offset(68).Title]$INFO[MusicPlayer.offset(68).Artist, - ,]</label>
                            <label2>$INFO[MusicPlayer.offset(68).Duration]</label2>
                            <property name="TrackNumber">$INFO[MusicPlayer.offset(68).PlaylistPosition]</property>
                            <onclick>Playlist.PlayOffset(68)</onclick>
                            <visible>MusicPlayer.offset(68).Exists</visible>
                        </item>
                        <item id="69">
                            <label>$INFO[MusicPlayer.offset(69).TrackNumber,,. ]$INFO[MusicPlayer.offset(69).Title]$INFO[MusicPlayer.offset(69).Artist, - ,]</label>
                            <label2>$INFO[MusicPlayer.offset(69).Duration]</label2>
                            <property name="TrackNumber">$INFO[MusicPlayer.offset(69).PlaylistPosition]</property>
                            <onclick>Playlist.PlayOffset(69)</onclick>
                            <visible>MusicPlayer.offset(69).Exists</visible>
                        </item>
                        <item id="70">
                            <label>$INFO[MusicPlayer.offset(70).TrackNumber,,. ]$INFO[MusicPlayer.offset(70).Title]$INFO[MusicPlayer.offset(70).Artist, - ,]</label>
                            <label2>$INFO[MusicPlayer.offset(70).Duration]</label2>
                            <property name="TrackNumber">$INFO[MusicPlayer.offset(70).PlaylistPosition]</property>
                            <onclick>Playlist.PlayOffset(70)</onclick>
                            <visible>MusicPlayer.offset(70).Exists</visible>
                        </item>
                        <item id="71">
                            <label>$INFO[MusicPlayer.offset(71).TrackNumber,,. ]$INFO[MusicPlayer.offset(71).Title]$INFO[MusicPlayer.offset(71).Artist, - ,]</label>
                            <label2>$INFO[MusicPlayer.offset(71).Duration]</label2>
                            <property name="TrackNumber">$INFO[MusicPlayer.offset(71).PlaylistPosition]</property>
                            <onclick>Playlist.PlayOffset(71)</onclick>
                            <visible>MusicPlayer.offset(71).Exists</visible>
                        </item>
                        <item id="72">
                            <label>$INFO[MusicPlayer.offset(72).TrackNumber,,. ]$INFO[MusicPlayer.offset(72).Title]$INFO[MusicPlayer.offset(72).Artist, - ,]</label>
                            <label2>$INFO[MusicPlayer.offset(72).Duration]</label2>
                            <property name="TrackNumber">$INFO[MusicPlayer.offset(72).PlaylistPosition]</property>
                            <onclick>Playlist.PlayOffset(72)</onclick>
                            <visible>MusicPlayer.offset(72).Exists</visible>
                        </item>
                        <item id="73">
                            <label>$INFO[MusicPlayer.offset(73).TrackNumber,,. ]$INFO[MusicPlayer.offset(73).Title]$INFO[MusicPlayer.offset(73).Artist, - ,]</label>
                            <label2>$INFO[MusicPlayer.offset(73).Duration]</label2>
                            <property name="TrackNumber">$INFO[MusicPlayer.offset(73).PlaylistPosition]</property>
                            <onclick>Playlist.PlayOffset(73)</onclick>
                            <visible>MusicPlayer.offset(73).Exists</visible>
                        </item>
                        <item id="74">
                            <label>$INFO[MusicPlayer.offset(74).TrackNumber,,. ]$INFO[MusicPlayer.offset(74).Title]$INFO[MusicPlayer.offset(74).Artist, - ,]</label>
                            <label2>$INFO[MusicPlayer.offset(74).Duration]</label2>
                            <property name="TrackNumber">$INFO[MusicPlayer.offset(74).PlaylistPosition]</property>
                            <onclick>Playlist.PlayOffset(74)</onclick>
                            <visible>MusicPlayer.offset(74).Exists</visible>
                        </item>
                        <item id="75">
                            <label>$INFO[MusicPlayer.offset(75).TrackNumber,,. ]$INFO[MusicPlayer.offset(75).Title]$INFO[MusicPlayer.offset(75).Artist, - ,]</label>
                            <label2>$INFO[MusicPlayer.offset(75).Duration]</label2>
                            <property name="TrackNumber">$INFO[MusicPlayer.offset(75).PlaylistPosition]</property>
                            <onclick>Playlist.PlayOffset(75)</onclick>
                            <visible>MusicPlayer.offset(75).Exists</visible>
                        </item>
                        <item id="76">
                            <label>$INFO[MusicPlayer.offset(76).TrackNumber,,. ]$INFO[MusicPlayer.offset(76).Title]$INFO[MusicPlayer.offset(76).Artist, - ,]</label>
                            <label2>$INFO[MusicPlayer.offset(76).Duration]</label2>
                            <property name="TrackNumber">$INFO[MusicPlayer.offset(76).PlaylistPosition]</property>
                            <onclick>Playlist.PlayOffset(76)</onclick>
                            <visible>MusicPlayer.offset(76).Exists</visible>
                        </item>
                        <item id="77">
                            <label>$INFO[MusicPlayer.offset(77).TrackNumber,,. ]$INFO[MusicPlayer.offset(77).Title]$INFO[MusicPlayer.offset(77).Artist, - ,]</label>
                            <label2>$INFO[MusicPlayer.offset(77).Duration]</label2>
                            <property name="TrackNumber">$INFO[MusicPlayer.offset(77).PlaylistPosition]</property>
                            <onclick>Playlist.PlayOffset(77)</onclick>
                            <visible>MusicPlayer.offset(77).Exists</visible>
                        </item>
                        <item id="78">
                            <label>$INFO[MusicPlayer.offset(78).TrackNumber,,. ]$INFO[MusicPlayer.offset(78).Title]$INFO[MusicPlayer.offset(78).Artist, - ,]</label>
                            <label2>$INFO[MusicPlayer.offset(78).Duration]</label2>
                            <property name="TrackNumber">$INFO[MusicPlayer.offset(78).PlaylistPosition]</property>
                            <onclick>Playlist.PlayOffset(78)</onclick>
                            <visible>MusicPlayer.offset(78).Exists</visible>
                        </item>
                        <item id="79">
                            <label>$INFO[MusicPlayer.offset(79).TrackNumber,,. ]$INFO[MusicPlayer.offset(79).Title]$INFO[MusicPlayer.offset(79).Artist, - ,]</label>
                            <label2>$INFO[MusicPlayer.offset(79).Duration]</label2>
                            <property name="TrackNumber">$INFO[MusicPlayer.offset(79).PlaylistPosition]</property>
                            <onclick>Playlist.PlayOffset(79)</onclick>
                            <visible>MusicPlayer.offset(79).Exists</visible>
                        </item>
                        <item id="80">
                            <label>$INFO[MusicPlayer.offset(80).TrackNumber,,. ]$INFO[MusicPlayer.offset(80).Title]$INFO[MusicPlayer.offset(80).Artist, - ,]</label>
                            <label2>$INFO[MusicPlayer.offset(80).Duration]</label2>
                            <property name="TrackNumber">$INFO[MusicPlayer.offset(80).PlaylistPosition]</property>
                            <onclick>Playlist.PlayOffset(80)</onclick>
                            <visible>MusicPlayer.offset(80).Exists</visible>
                        </item>
                        <item id="81">
                            <label>$INFO[MusicPlayer.offset(81).TrackNumber,,. ]$INFO[MusicPlayer.offset(81).Title]$INFO[MusicPlayer.offset(81).Artist, - ,]</label>
                            <label2>$INFO[MusicPlayer.offset(81).Duration]</label2>
                            <property name="TrackNumber">$INFO[MusicPlayer.offset(81).PlaylistPosition]</property>
                            <onclick>Playlist.PlayOffset(81)</onclick>
                            <visible>MusicPlayer.offset(81).Exists</visible>
                        </item>
                        <item id="82">
                            <label>$INFO[MusicPlayer.offset(82).TrackNumber,,. ]$INFO[MusicPlayer.offset(82).Title]$INFO[MusicPlayer.offset(82).Artist, - ,]</label>
                            <label2>$INFO[MusicPlayer.offset(82).Duration]</label2>
                            <property name="TrackNumber">$INFO[MusicPlayer.offset(82).PlaylistPosition]</property>
                            <onclick>Playlist.PlayOffset(82)</onclick>
                            <visible>MusicPlayer.offset(82).Exists</visible>
                        </item>
                        <item id="83">
                            <label>$INFO[MusicPlayer.offset(83).TrackNumber,,. ]$INFO[MusicPlayer.offset(83).Title]$INFO[MusicPlayer.offset(83).Artist, - ,]</label>
                            <label2>$INFO[MusicPlayer.offset(83).Duration]</label2>
                            <property name="TrackNumber">$INFO[MusicPlayer.offset(83).PlaylistPosition]</property>
                            <onclick>Playlist.PlayOffset(83)</onclick>
                            <visible>MusicPlayer.offset(83).Exists</visible>
                        </item>
                        <item id="84">
                            <label>$INFO[MusicPlayer.offset(84).TrackNumber,,. ]$INFO[MusicPlayer.offset(84).Title]$INFO[MusicPlayer.offset(84).Artist, - ,]</label>
                            <label2>$INFO[MusicPlayer.offset(84).Duration]</label2>
                            <property name="TrackNumber">$INFO[MusicPlayer.offset(84).PlaylistPosition]</property>
                            <onclick>Playlist.PlayOffset(84)</onclick>
                            <visible>MusicPlayer.offset(84).Exists</visible>
                        </item>
                        <item id="85">
                            <label>$INFO[MusicPlayer.offset(85).TrackNumber,,. ]$INFO[MusicPlayer.offset(85).Title]$INFO[MusicPlayer.offset(85).Artist, - ,]</label>
                            <label2>$INFO[MusicPlayer.offset(85).Duration]</label2>
                            <property name="TrackNumber">$INFO[MusicPlayer.offset(85).PlaylistPosition]</property>
                            <onclick>Playlist.PlayOffset(85)</onclick>
                            <visible>MusicPlayer.offset(85).Exists</visible>
                        </item>
                        <item id="86">
                            <label>$INFO[MusicPlayer.offset(86).TrackNumber,,. ]$INFO[MusicPlayer.offset(86).Title]$INFO[MusicPlayer.offset(86).Artist, - ,]</label>
                            <label2>$INFO[MusicPlayer.offset(86).Duration]</label2>
                            <property name="TrackNumber">$INFO[MusicPlayer.offset(86).PlaylistPosition]</property>
                            <onclick>Playlist.PlayOffset(86)</onclick>
                            <visible>MusicPlayer.offset(86).Exists</visible>
                        </item>
                        <item id="87">
                            <label>$INFO[MusicPlayer.offset(87).TrackNumber,,. ]$INFO[MusicPlayer.offset(87).Title]$INFO[MusicPlayer.offset(87).Artist, - ,]</label>
                            <label2>$INFO[MusicPlayer.offset(87).Duration]</label2>
                            <property name="TrackNumber">$INFO[MusicPlayer.offset(87).PlaylistPosition]</property>
                            <onclick>Playlist.PlayOffset(87)</onclick>
                            <visible>MusicPlayer.offset(87).Exists</visible>
                        </item>
                        <item id="88">
                            <label>$INFO[MusicPlayer.offset(88).TrackNumber,,. ]$INFO[MusicPlayer.offset(88).Title]$INFO[MusicPlayer.offset(88).Artist, - ,]</label>
                            <label2>$INFO[MusicPlayer.offset(88).Duration]</label2>
                            <property name="TrackNumber">$INFO[MusicPlayer.offset(88).PlaylistPosition]</property>
                            <onclick>Playlist.PlayOffset(88)</onclick>
                            <visible>MusicPlayer.offset(88).Exists</visible>
                        </item>
                        <item id="89">
                            <label>$INFO[MusicPlayer.offset(89).TrackNumber,,. ]$INFO[MusicPlayer.offset(89).Title]$INFO[MusicPlayer.offset(89).Artist, - ,]</label>
                            <label2>$INFO[MusicPlayer.offset(89).Duration]</label2>
                            <property name="TrackNumber">$INFO[MusicPlayer.offset(89).PlaylistPosition]</property>
                            <onclick>Playlist.PlayOffset(89)</onclick>
                            <visible>MusicPlayer.offset(89).Exists</visible>
                        </item>
                        <item id="90">
                            <label>$INFO[MusicPlayer.offset(90).TrackNumber,,. ]$INFO[MusicPlayer.offset(90).Title]$INFO[MusicPlayer.offset(90).Artist, - ,]</label>
                            <label2>$INFO[MusicPlayer.offset(90).Duration]</label2>
                            <property name="TrackNumber">$INFO[MusicPlayer.offset(90).PlaylistPosition]</property>
                            <onclick>Playlist.PlayOffset(90)</onclick>
                            <visible>MusicPlayer.offset(90).Exists</visible>
                        </item>
                        <item id="91">
                            <label>$INFO[MusicPlayer.offset(91).TrackNumber,,. ]$INFO[MusicPlayer.offset(91).Title]$INFO[MusicPlayer.offset(91).Artist, - ,]</label>
                            <label2>$INFO[MusicPlayer.offset(91).Duration]</label2>
                            <property name="TrackNumber">$INFO[MusicPlayer.offset(91).PlaylistPosition]</property>
                            <onclick>Playlist.PlayOffset(91)</onclick>
                            <visible>MusicPlayer.offset(91).Exists</visible>
                        </item>
                        <item id="92">
                            <label>$INFO[MusicPlayer.offset(92).TrackNumber,,. ]$INFO[MusicPlayer.offset(92).Title]$INFO[MusicPlayer.offset(92).Artist, - ,]</label>
                            <label2>$INFO[MusicPlayer.offset(92).Duration]</label2>
                            <property name="TrackNumber">$INFO[MusicPlayer.offset(92).PlaylistPosition]</property>
                            <onclick>Playlist.PlayOffset(92)</onclick>
                            <visible>MusicPlayer.offset(92).Exists</visible>
                        </item>
                        <item id="93">
                            <label>$INFO[MusicPlayer.offset(93).TrackNumber,,. ]$INFO[MusicPlayer.offset(93).Title]$INFO[MusicPlayer.offset(93).Artist, - ,]</label>
                            <label2>$INFO[MusicPlayer.offset(93).Duration]</label2>
                            <property name="TrackNumber">$INFO[MusicPlayer.offset(93).PlaylistPosition]</property>
                            <onclick>Playlist.PlayOffset(93)</onclick>
                            <visible>MusicPlayer.offset(93).Exists</visible>
                        </item>
                        <item id="94">
                            <label>$INFO[MusicPlayer.offset(94).TrackNumber,,. ]$INFO[MusicPlayer.offset(94).Title]$INFO[MusicPlayer.offset(94).Artist, - ,]</label>
                            <label2>$INFO[MusicPlayer.offset(94).Duration]</label2>
                            <property name="TrackNumber">$INFO[MusicPlayer.offset(94).PlaylistPosition]</property>
                            <onclick>Playlist.PlayOffset(94)</onclick>
                            <visible>MusicPlayer.offset(94).Exists</visible>
                        </item>
                        <item id="95">
                            <label>$INFO[MusicPlayer.offset(95).TrackNumber,,. ]$INFO[MusicPlayer.offset(95).Title]$INFO[MusicPlayer.offset(95).Artist, - ,]</label>
                            <label2>$INFO[MusicPlayer.offset(95).Duration]</label2>
                            <property name="TrackNumber">$INFO[MusicPlayer.offset(95).PlaylistPosition]</property>
                            <onclick>Playlist.PlayOffset(95)</onclick>
                            <visible>MusicPlayer.offset(95).Exists</visible>
                        </item>
                        <item id="96">
                            <label>$INFO[MusicPlayer.offset(96).TrackNumber,,. ]$INFO[MusicPlayer.offset(96).Title]$INFO[MusicPlayer.offset(96).Artist, - ,]</label>
                            <label2>$INFO[MusicPlayer.offset(96).Duration]</label2>
                            <property name="TrackNumber">$INFO[MusicPlayer.offset(96).PlaylistPosition]</property>
                            <onclick>Playlist.PlayOffset(96)</onclick>
                            <visible>MusicPlayer.offset(96).Exists</visible>
                        </item>
                        <item id="97">
                            <label>$INFO[MusicPlayer.offset(97).TrackNumber,,. ]$INFO[MusicPlayer.offset(97).Title]$INFO[MusicPlayer.offset(97).Artist, - ,]</label>
                            <label2>$INFO[MusicPlayer.offset(97).Duration]</label2>
                            <property name="TrackNumber">$INFO[MusicPlayer.offset(97).PlaylistPosition]</property>
                            <onclick>Playlist.PlayOffset(97)</onclick>                
                            <visible>MusicPlayer.offset(97).Exists</visible>
                        </item>
                        <item id="98">
                            <label>$INFO[MusicPlayer.offset(98).TrackNumber,,. ]$INFO[MusicPlayer.offset(98).Title]$INFO[MusicPlayer.offset(98).Artist, - ,]</label>
                            <label2>$INFO[MusicPlayer.offset(98).Duration]</label2>
                            <property name="TrackNumber">$INFO[MusicPlayer.offset(98).PlaylistPosition]</property>
                            <onclick>Playlist.PlayOffset(98)</onclick>
                            <visible>MusicPlayer.offset(98).Exists</visible>
                        </item>
                        <item id="99">
                            <label>$INFO[MusicPlayer.offset(99).TrackNumber,,. ]$INFO[MusicPlayer.offset(99).Title]$INFO[MusicPlayer.offset(99).Artist, - ,]</label>
                            <label2>$INFO[MusicPlayer.offset(99).Duration]</label2>
                            <property name="TrackNumber">$INFO[MusicPlayer.offset(99).PlaylistPosition]</property>
                            <onclick>Playlist.PlayOffset(99)</onclick>
                            <visible>MusicPlayer.offset(99).Exists</visible>
                        </item>
                        <item id="100">
                            <label>$INFO[MusicPlayer.offset(100).TrackNumber,,. ]$INFO[MusicPlayer.offset(100).Title]$INFO[MusicPlayer.offset(100).Artist, - ,]</label>
                            <label2>$INFO[MusicPlayer.offset(100).Duration]</label2>
                            <property name="TrackNumber">$INFO[MusicPlayer.offset(100).PlaylistPosition]</property>
                            <onclick>Playlist.PlayOffset(100)</onclick>
                            <visible>MusicPlayer.offset(100).Exists</visible>
                        </item>
                    </content>
                </control>
            </control>
            <control type="grouplist" id="101">
                <bottom>17</bottom>
                <width>699</width>
                <left>-27</left>
                <height>64</height>
                <itemgap>11</itemgap>
                <orientation>horizontal</orientation>
                <align>center</align>
                <include>OSDAudioControlsFlip</include>
            </control>
            <control type="image">
                <bottom>50</bottom>
                <left>678</left>
                <visible>Integer.IsEqual(Container(101).Position,11) + Container(101).HasNext + !Container(101).HasPrevious</visible>
                <include>Animation.DelayFadeIn</include>
                <include>Animation.FadeOut</include>
                <include>arrowdimensions</include>
                <texture colordiffuse="Dark2">common/arrow-small-right.png</texture>
            </control>
        </control>
    </controls>
</window>
