<?xml version="1.0" encoding="UTF-8"?>
<!-- Foundation -->
<includes>

    <include name="522Content">
        <visible>Container.Content(movies) | Container.Content(tvshows) | Container.Content(seasons) | Container.Content(episodes) | Container.Content(videos)</visible>
        <include content="forced_view" condition="Skin.HasSetting(enable.forcedviews)">
            <param name="string" value="$LOCALIZE[31522] $LOCALIZE[20360]" />
        </include>
        <include content="def_top" condition="!Skin.HasSetting(home.widgets.show.reflections)">
            <param name="top" value="568" />
        </include>
        <include content="def_top" condition="Skin.HasSetting(home.widgets.show.reflections)">
            <param name="top" value="556" />
        </include>
        <left>-491</left>
        <width>2810</width>
        <height>365</height>
        <onup condition="!Skin.HasSetting(global.kioskmode)">9000</onup>
        <ondown>1646</ondown>
        <onunfocus condition="Skin.HasSetting(home.netflix.autoplay.trailer)">ClearProperty(listitem.trailer,home)</onunfocus>
        <onfocus condition="Skin.HasSetting(home.netflix.autoplay.trailer)">ClearProperty(TrailerIsPlayingFullscreen,home)</onfocus>
        <orientation>horizontal</orientation>
        <preloaditems>2</preloaditems>
        <pagecontrol>1646</pagecontrol>
        <focusposition>1</focusposition>
        <viewtype label="$LOCALIZE[31522] $LOCALIZE[20360]">list</viewtype>
        <include>ScrolltimeViewsList</include>
        <itemlayout height="365" width="562">
            <include content="include.widget.landscape">
                <param name="id" value="522"/>
                <param name="reflections" value="Skin.HasSetting(show.reflections)"/>
            </include>
        </itemlayout>
        <focusedlayout height="365" width="562">
            <include content="include.widget.landscape.focus">
                <param name="id" value="522"/>
                <param name="reflections" value="Skin.HasSetting(show.reflections)"/>
                <param name="glow_zoom" value="107"/>
                <param name="glow_top" value="0" />
                <param name="glow_left" value="9" />
                <param name="glow_right" value="9" />
                <param name="glow_height" value="323" />
            </include>
            <include condition="Skin.HasSetting(home.netflix.autoplay.trailer)">SetAutoTrailerControl</include>
        </focusedlayout>
    </include>

    <include name="522Wrap">
        <control type="wraplist" id="522">
            <include>522Content</include>
        </control>
    </include>

    <include name="522Fixed">
        <control type="fixedlist" id="522">
            <include>522Content</include>
        </control>
    </include>

    <include name="View_522_Minimal_V2_Episodes">
        <description>List View (id=522)</description>
        <control type="group">
            <include>Animation.Common</include>
            <visible>Control.IsVisible(522)</visible>
            <include>ViewSlideForJumpBar</include>
            <include>View_522_Minimal_V2_Content</include>
            <control type="scrollbar" id="1646">
                <include condition="!Skin.HasSetting(disable.scrollbar.visibility)" content="scrollbar_hor">
                    <param name="scrollid" value="1646"/>
                    <param name="jumpbar" value="true"/>
                    <param name="bottom" value="184"/>
                </include>
            </control>
            <include condition="!Skin.HasSetting(53poster.nowrap)">522Wrap</include>
            <include condition="Skin.HasSetting(53poster.nowrap)">522Fixed</include>
        </control>
    </include>
</includes>
