<?xml version="1.0" encoding="UTF-8"?>
<colors>
    <color name="Highlight">ff0385b5</color>
    <color name="Highlight2">FFff4081</color>
    <color name="Selected">FFededed</color>
    <color name="ColoredStars">FFD402AA</color>
    <color name="ColoredIcons">FFD402AA</color>
    <color name="ColorRating">FF4E77FE</color>
    <color name="ColorUserrating">FF2B7FE7</color>

    <color name="Dark1">ffC5C5C5</color>
    <color name="Dark2">ccC5C5C5</color>
    <color name="Dark3">4dC5C5C5</color>
    <color name="Dark4">E62D2E2E</color>
    <color name="Light1">ff333333</color>
    <color name="Light2">b3333333</color>
    <color name="Light3">4d333333</color>
    <color name="Light4">1f333333</color>

    <color name="White100">FF333333</color>
    <color name="White70">B3333333</color>
    <color name="White30">4D333333</color>
    <color name="White12">1F333333</color>

    <color name="Black100">FFbbbbbb</color>
    <color name="Black70">B3bbbbbb</color>
    <color name="Black30">4Dbbbbbb</color>
    <color name="Black12">1Fbbbbbb</color>

    <color name="PanelWhite100">FFdddddd</color>
    <color name="PanelWhite90">E6dddddd</color>
    <color name="PanelWhite70">B3dddddd</color>
    <color name="PanelWhite30">4Ddddddd</color>
    <color name="PanelWhite12">1Fdddddd</color>
    <color name="PanelBlack30">4D000000</color>

    <color name="MenuSlide">FF050505</color>
    <color name="InfoBackground">b3050505</color>

    <color name="Background">ff050505</color>
    <color name="BackgroundNew">D9050505</color>
    <color name="BackgroundNewBlur">B3050505</color>
    <color name="FanartFade">FFffffff</color>
    <color name="FanartFadeBlur">FFffffff</color>
    <color name="FloorFade">CC050505</color>
    <color name="FloorFade2">CC050505</color>
    <color name="FloorFadeBlur">CC050505</color>

    <color name="OSDBack">df000000</color>
    <color name="Panel">FF2D2E2E</color>

    <color name="Box2">FF404040</color>
    <color name="BoxNotification">CC404040</color>
    <color name="BoxWidget">FF404040</color>
    <color name="BoxHomerow">80404040</color>

    <color name="WatchedIcons">FFDBDBDB</color>
    <color name="WatchedIconsList">FFDBDBDB</color>
    <color name="WatchedIconsListFocus">FF616161</color>
</colors>
