<?xml version="1.0" encoding="UTF-8"?>
<!-- Foundation -->
<includes>

    <include name="View_509_Shift">
        <description>List View (id=509)</description>
        <control type="group">
            <include>Animation.Common</include>
            <include>ViewSlideForJumpBar</include>
            <visible>Control.IsVisible(509)</visible>
            <control type="label">
                <visible>!Skin.HasSetting(509clearlogo) | [!$EXP[TitleClearlogoAvailable] + Skin.HasSetting(509clearlogo)]</visible>
                <top>205</top>
                <include condition="!Skin.HasSetting(509NoCenter)">CenterInfo</include>
                <left>SidePad</left>
                <description>Header Label</description>
                <textcolor>Dark1</textcolor>
                <font>SmallBold</font>
                <label fallback="19055">$INFO[ListItem.Title]</label>
            </control>
            <control type="image" description="clearlogo">
                <animation effect="slide" start="0,0" end="-735,0" time="200" condition="Skin.HasSetting(509NoCenter)">Conditional</animation>
                <visible>$EXP[TitleClearlogoAvailable] + Skin.HasSetting(509clearlogo)</visible>
                <top>170</top>
                <height>ClearLogoMaxHeight</height>
                <width>ClearLogoMaxWidth</width>
                <centerleft>50%</centerleft>
                <aspectratio scalediffuse="true" align="center">keep</aspectratio>
                <texture background="true">$VAR[ClearLogoTopVar]</texture>
                <fadetime>ClearArtFadetime</fadetime>
            </control>
            <control type="fixedlist" id="509">
                <visible>Container.Content(movies) | Container.Content(musicvideos) | Container.Content(tvshows) | Container.Content(seasons) | Container.Content(sets) | Container.Content(videos) | $EXP[InGameMode]</visible>
                <top>300</top>
                <left>71</left>
                <width>1760</width>
                <height>450</height>
                <focusposition>3</focusposition>
                <onup condition="!Skin.HasSetting(global.kioskmode)">9000</onup>
                <ondown>1677</ondown>
                <orientation>horizontal</orientation>
                <preloaditems>2</preloaditems>
                <pagecontrol>1677</pagecontrol>
                <include content="forced_view" condition="Skin.HasSetting(enable.forcedviews)">
                    <param name="string" value="$LOCALIZE[31027]" />
                </include>
                <viewtype label="31027">list</viewtype>
                <include>ScrolltimeViewsList</include>
                <itemlayout height="450" width="253" condition="!Skin.HasSetting(509fanart)">
                    <control type="group">
                        <height>370</height>
                        <include content="include.widget.poster">
                            <param name="id" value="509"/>
                            <param name="height" value="370"/>
                            <param name="glow_height" value="365"/>
                            <param name="indicatorbackground" value="true"/>
                            <param name="reflections" value="Skin.HasSetting(show.reflections)"/>
                        </include>
                    </control>
                </itemlayout>
                <focusedlayout height="450" width="253" condition="!Skin.HasSetting(509fanart)">
                    <control type="group">
                        <height>370</height>
                        <include content="include.widget.poster.focus">
                            <param name="id" value="509"/>
                            <param name="height" value="370"/>
                            <param name="glow_height" value="365"/>
                            <param name="indicatorbackground" value="true"/>
                            <param name="reflections" value="Skin.HasSetting(show.reflections)"/>
                        </include>
                    </control>
                </focusedlayout>
                <itemlayout height="450" width="592.33" condition="Skin.HasSetting(509fanart) + !Skin.HasSetting(509fanartclearart)">
                    <control type="group">
                        <height>370</height>
                        <include content="include.widget.landscape">
                            <param name="id" value="509"/>
                            <param name="indicatorbackground" value="true"/>
                            <param name="reflections" value="Skin.HasSetting(show.reflections)"/>
                        </include>
                    </control>
                </itemlayout>
                <itemlayout height="450" width="592.33" condition="Skin.HasSetting(509fanart) + Skin.HasSetting(509fanartclearart)">
                    <control type="group">
                        <height>370</height>
                        <include content="include.widget.landscape">
                            <param name="id" value="509"/>
                            <param name="indicatorbackground" value="true"/>
                            <param name="reflections" value="Skin.HasSetting(show.reflections)"/>
                            <param name="clearlogo" value="true"/>
                        </include>
                    </control>
                </itemlayout>
                <focusedlayout height="450" width="592.33" condition="Skin.HasSetting(509fanart) + !Skin.HasSetting(509fanartclearart)">
                    <control type="group">
                        <height>370</height>
                        <include content="include.widget.landscape.focus">
                            <param name="id" value="509"/>
                            <param name="indicatorbackground" value="true"/>
                            <param name="reflections" value="Skin.HasSetting(show.reflections)"/>
                            <param name="glow_left" value="11"/>
                            <param name="glow_right" value="11"/>
                        </include>
                    </control>
                </focusedlayout>
                <focusedlayout height="450" width="592.33" condition="Skin.HasSetting(509fanart) + Skin.HasSetting(509fanartclearart)">
                    <control type="group">
                        <height>370</height>
                        <include content="include.widget.landscape.focus">
                            <param name="id" value="509"/>
                            <param name="indicatorbackground" value="true"/>
                            <param name="reflections" value="Skin.HasSetting(show.reflections)"/>
                            <param name="glow_left" value="11"/>
                            <param name="glow_right" value="11"/>
                            <param name="clearlogo" value="true"/>
                        </include>
                    </control>
                </focusedlayout>
            </control>
            <control type="scrollbar" id="1677">
                <include content="scrollbar_hor">
                    <param name="scrollid" value="1677"/>
                    <param name="bottom" value="391"/>
                </include>
            </control>
            <control type="label">
                <visible>!String.IsEqual(ListItem.Label,..)</visible>
                <top>702</top>
                <include condition="!Skin.HasSetting(509NoCenter)">CenterInfo</include>
                <left>SidePad</left>
                <height>36</height>
                <font>Tiny</font>
                <textcolor>Dark1</textcolor>
                <label>$VAR[509_Row_3]</label>
            </control>
            <control type="textbox">
                <top>758</top>
                <bottom>17</bottom>
                <include condition="!Skin.HasSetting(509NoCenter)">CenterInfo</include>
                <left>SidePad</left>
                <right>SidePad</right>
                <font>Tiny</font>
                <height>110</height>
                <textcolor>Dark2</textcolor>
                <selectedcolor>Dark2</selectedcolor>
                <label>$INFO[ListItem.Plot]</label>
            </control>
        </control>
    </include>
</includes>
